,"('one_hot',)","('1mer',)","('2mer',)","('one_hot', '1mer')","('one_hot', '2mer')","('1mer', '2mer')","('one_hot', '1mer', '2mer')"
0,0.04269900872770161,0.04250816227378013,0.04357720295055822,0.05183221196373287,0.051115487046493234,0.05154731905521379,0.05225284780578898
1,0.05321218507692933,0.04325397727272728,0.0521143478180746,0.04694735395170481,0.05262394527986634,0.05357563178780285,0.044315173163086745
2,0.04683966109876965,0.0475724971395881,0.039047489177489174,0.047185365402141716,0.05827739210995404,0.0562218935637843,0.053797149926097285
3,0.050193513500483754,0.04187762398420294,0.03978166480062765,0.044666854161602446,0.04220669602200494,0.04922845520931485,0.056939023875273706
4,0.04879355883314424,0.04424240117091147,0.054773057644110265,0.04908573556998558,0.04061856970858519,0.04850079837687103,0.05538109382989247
5,0.04111386724386725,0.04369038918597743,0.03952059404303986,0.04128400979780304,0.0407915141453572,0.062466494885347536,0.04404673378522063
6,0.04408449950483627,0.052628122843340244,0.04908343837535013,0.03845192526771475,0.03679453711877927,0.04458120490620491,0.04582281715487666
7,0.04228633685436417,0.043882811508349266,0.0395042475540941,0.03826924297976593,0.050492728663948584,0.048609627329192544,0.04796879096621659
8,0.04649979948779291,0.046590810549100026,0.04029223565336265,0.046027813691838296,0.054240481680155606,0.04069806821071124,0.05615667768924365
9,0.047682974481658695,0.04509048568876271,0.028213204896929994,0.04632339996604702,0.06714033477646178,0.05284799563359346,0.05414608111187058
10,0.05070802815605448,0.04860852711201842,0.03887811916344525,0.04734779785674758,0.058468751589117726,0.053766116377901275,0.05031710468529691
11,0.04866510534039704,0.042748705096073515,0.0527699067414914,0.044526255813330126,0.04558905656083944,0.047427389579020006,0.05126549846483216
12,0.04512969548121596,0.05063084811625573,0.046081134453781515,0.047496584598751786,0.040952758439344115,0.05001263905811961,0.057387046767601015
13,0.04974763825852511,0.051688272845370045,0.048985248877444335,0.03816547037059052,0.043510628260628265,0.044883952528379775,0.04886583883952305
14,0.04782154233505921,0.049405352301207565,0.04506770154771568,0.04882588627365515,0.037146542312924066,0.04862246842863767,0.04311894936325546
15,0.04957983517059137,0.044250510774279786,0.04886727337146633,0.04885127344877345,0.04508303495311168,0.04984969463203075,0.054218207098012595
16,0.05034921628640669,0.044836006881013274,0.051775833048530416,0.0477448107233324,0.03988354757213891,0.047888740192873494,0.04912217417599451
17,0.052965975171886934,0.05049054376058724,0.04263266389837261,0.04747059833086552,0.05476504258835495,0.05019143790849674,0.056138045777751666
18,0.04828389733925607,0.04531484420382119,0.030962284440854915,0.04134210213032581,0.04580218662598526,0.05029202940797704,0.04229452627733016
19,0.04460075486677925,0.04851782507739938,0.04252217871997284,0.040636013384620195,0.049545735987631775,0.05154005753018911,0.03824411597174755
20,0.05195960591630592,0.04845298255665903,0.047079791529121194,0.041850421695951115,0.04284313687297955,0.05303823757763976,0.03968815409736463
21,0.052490051786663626,0.04745809623696924,0.0397549158039542,0.037463924640031454,0.0496652856238189,0.049718311899658654,0.0402298561992927
22,0.04987602792967267,0.0497290260908682,0.031202525806106374,0.04726463512837352,0.051862550397733465,0.05350403584160938,0.057132676667158086
23,0.045487840812214214,0.04004327375926448,0.03641082096540856,0.045864695871761084,0.04550138836541482,0.05205905035927414,0.05238674842379918
24,0.047401117281695285,0.04320907088790721,0.04371669788330006,0.046351329427151804,0.05094374322169058,0.05558274168623138,0.05396199556377575
25,0.04865767103997367,0.05003504691075515,0.039440996692692756,0.04852661817587446,0.04628062888951434,0.04946620683378407,0.05020111329047257
26,0.0405604096894391,0.04751044933347863,0.0458967261904762,0.043302159244264504,0.040824219542889624,0.05195670548921323,0.04571420596946914
27,0.051001807956218705,0.04014312727223197,0.04850579640947288,0.05826401231441193,0.04682292789461403,0.04611851399760607,0.0557780832282986
28,0.050250504332792004,0.04761306205236411,0.046893139613691674,0.04503189692746194,0.05065065659454961,0.049824502295090535,0.04555259867583397
29,0.04820084978861294,0.043145754976018136,0.04224309640522876,0.044169386865355674,0.04283926563202879,0.047563409090909094,0.05598049882805907
30,0.04727651603909021,0.05146248985101287,0.05037585385031205,0.04631253720744938,0.04950760216137791,0.057420488308366824,0.06240006570789332
31,0.0509184637150887,0.04381204475091473,0.039805033416875524,0.04880345310206462,0.04596314973038658,0.0512086639606262,0.05746549307087149
32,0.04735793934388644,0.051467673103212576,0.04659920121158511,0.04166495496093174,0.049258132794932,0.055979891792989636,0.047817012953506766
33,0.046168534329585106,0.04425093984962406,0.0386548039854247,0.037672860219602713,0.049160552160780996,0.04793988535432202,0.05909411963165832
34,0.05183233466241362,0.05126836008470374,0.031249766476176492,0.05502062386358052,0.05116632680185311,0.05431830799825652,0.04791680002872795
35,0.05636231483426705,0.04686245432955792,0.04000874108855802,0.04255329727480757,0.04902951555023923,0.059090572353343265,0.055127424257029524
36,0.05455011106144257,0.04860651670348467,0.041076377688583236,0.03903188428022524,0.053936803202835816,0.05453786484637542,0.05030906765018607
37,0.04452169689849624,0.04634479807473229,0.03848496921166359,0.04943164160401003,0.053430761302232566,0.055559812254421234,0.05486729175880879
38,0.05133482045033533,0.05176767670989067,0.04424925282574024,0.052152938453725574,0.04383560606060606,0.06138347348161925,0.046325743707093824
39,0.0485352649771371,0.04785743373002762,0.046651853365297306,0.049883500417710946,0.0492531328320802,0.052410678210678206,0.03591104069219395
40,0.04671126554621849,0.04836168653384128,0.0479967731829574,0.04104743378052976,0.042794173881673885,0.052924770465172945,0.042938095238095234
41,0.04754833197618553,0.05127702827556374,0.053795713213515076,0.04175302788284986,0.04279724578826747,0.04375917542126066,0.049133141050088994
42,0.049267226892990054,0.04534521265284423,0.048838565113133524,0.03900368187625928,0.048140048036758566,0.04920855610360086,0.04314536916139453
43,0.051896171097725374,0.05782752983802218,0.04218827846130478,0.042569777077497664,0.044557789415606765,0.052329340689503734,0.04520642857142858
44,0.04703019053631554,0.04713670040520195,0.04990565036603366,0.04695681275211007,0.04837834619996671,0.04796150922334124,0.054827742562249225
45,0.05288573768138952,0.045429037242427334,0.04358511603448675,0.04170545916931366,0.04615833262096185,0.054918395748987846,0.04196700038138826
46,0.056727671629296636,0.06304594785877739,0.04519186109018186,0.04525906995750245,0.03930004615482556,0.04836842497868714,0.045174238345223675
47,0.043135870335374984,0.047137313680621,0.0471053373407993,0.05423196357989838,0.03877385225741414,0.04764676231808753,0.05171694197615251
48,0.045710623642439434,0.046606766384835616,0.042087085921325054,0.0427547227257868,0.05190114962773128,0.04417075738588897,0.05512900533419109
49,0.0442944439935065,0.043423627580149324,0.042168160709259786,0.054190856196435155,0.04424213374344953,0.04701238895599846,0.050513700745848565
50,0.05156085222526012,0.040437724753933195,0.03818103696741855,0.0439672121480171,0.04693245614035088,0.04813682033835655,0.061806787390082586
51,0.052101593080428346,0.053680082402977135,0.038386568242857785,0.04815484639216618,0.032187448400412794,0.05137328866467883,0.05732249624487477
52,0.04832926037012822,0.04843922002387392,0.043118777815116485,0.042159223817118556,0.05307611670422278,0.0515531484962406,0.04796814650262019
53,0.054211699991958504,0.04668321895424837,0.039606526386298226,0.04413970848879737,0.0558592451154236,0.04547610570544007,0.05362345741222778
54,0.04586727670708392,0.056766956884966045,0.0538539391812477,0.05631753928939996,0.041685704874835305,0.04954221672720125,0.045347887488328666
55,0.04536352869055534,0.044533379166790496,0.04112705770107086,0.04717032143930313,0.04829385151452472,0.04258606188852353,0.05726281132260824
56,0.04874071526807797,0.04456104066985646,0.04203837483055076,0.04330768326230014,0.04756323953823954,0.056827020202020205,0.05880309996684341
57,0.050997944625790825,0.048382265151952195,0.04853496096379055,0.04658027824176616,0.04555741235888295,0.0481155108002219,0.05229298703775248
58,0.042986192104965334,0.050030221643681407,0.05401612748448662,0.04695837749842327,0.05006473905351615,0.038298346542947934,0.04603458814147669
59,0.04747561020607073,0.05849894024334649,0.04249940074545338,0.04867191558441559,0.040647590169137486,0.051205088595316084,0.050188218339967575
60,0.04744806415174766,0.04910112957376973,0.04139450179957567,0.04755842074657444,0.04629152108211706,0.05070667891731965,0.060400825928457504
61,0.04726805348165374,0.050589419381787806,0.038753027415424954,0.041931194053708445,0.06002482583464007,0.05610384018759018,0.0537297485641854
62,0.04503574242317412,0.04520737225193108,0.03798171565276828,0.04163571428571429,0.055777546138072454,0.03972821026059686,0.0480916871807318
63,0.04552839839655958,0.05739690903807608,0.048141425339366516,0.053533182789432796,0.044366576231421775,0.050331171679198004,0.046238760090958224
64,0.04951126040591676,0.05240019511791958,0.040135151062574675,0.04919185463659148,0.043594115043042385,0.0669728566723132,0.058084415584415586
65,0.052863910833075,0.05191770620338143,0.04978614214564545,0.055335411183542835,0.03842970779220779,0.04805356617926278,0.05377202257367826
66,0.051688506162972436,0.0421148909076147,0.037859691452338515,0.04425977018633541,0.05572729361281993,0.04930147311666662,0.04778044365447449
67,0.046243830669330674,0.05876252608388306,0.050507067669172935,0.05237512909414512,0.04664693807000646,0.04632974039157998,0.05676771255060729
68,0.04176713830029619,0.05365707017366056,0.04776275042989943,0.042310260906422065,0.04085912170568248,0.045202122337736156,0.049665110264767026
69,0.03826636564673717,0.05553380470279784,0.040846127627252274,0.038646716458979616,0.05366093833067518,0.04312012043982699,0.04428555307706607
70,0.05471407707033996,0.04987857142857143,0.037510210329745934,0.03841128954875759,0.045788310738968635,0.047078542222311566,0.05193091137448724
71,0.04739823984824497,0.04417543717607006,0.04512236775092812,0.04826870635085738,0.05080570024660582,0.04330209234723638,0.05297403978441804
72,0.04342603568301324,0.05177770435811104,0.0371978569588157,0.04537140246449457,0.05406170384182381,0.037092042912442696,0.0547209320856489
73,0.047260514853916746,0.052709138524836475,0.04404769081795397,0.048568424866514116,0.045997443220058984,0.04999395192526772,0.038055568166521864
74,0.04028127497184992,0.04424403283814047,0.04145495388086585,0.04775680287675711,0.04784421426153153,0.05181287928804419,0.043728430265386795
75,0.053580797855824945,0.04965117573345127,0.03998273035602841,0.038639533423924156,0.045188499439717644,0.05465541120470367,0.055902693453777054
76,0.046439768273251324,0.04785204482113211,0.045037826099339255,0.0526693487394958,0.04193310926773455,0.04323364661654135,0.047501027342755284
77,0.056752003372189296,0.04154302670191416,0.044940513372674504,0.04222685312793726,0.04350963425988244,0.05115729078712825,0.04600531853057429
78,0.04483743192571614,0.04796601087699487,0.045103388149518184,0.05023079936006024,0.04613775915203934,0.05621010599694424,0.052816048722519306
79,0.04442299259512418,0.048427599016480596,0.03857308190140351,0.05031704120581039,0.03305464561582209,0.043669402464543136,0.046711399199579985
80,0.051248894473259796,0.04827174076859786,0.03904620558749816,0.04271201097663947,0.0434075590368362,0.05213318199344515,0.04935892284186402
81,0.04134041050561639,0.04620694289198933,0.04065049445865303,0.050250925039872406,0.05867250826341215,0.04916123619737751,0.05296923747114822
82,0.04701945028732317,0.04613903449334799,0.03292507262474368,0.04563681667937962,0.04946916483984899,0.04929138786694902,0.040012512547838636
83,0.04454565860516595,0.04572724715085397,0.0345859977192458,0.04468948381377376,0.0498449888871019,0.04766226841613839,0.046991515349638927
84,0.05197335647404998,0.04888222248541606,0.05510684749855147,0.04123440676110955,0.057412035057806496,0.046334518361120194,0.059329400312375144
85,0.047190222494718985,0.05925617205893522,0.045967098965444306,0.05862257693393563,0.049616869373746306,0.05891866005371441,0.04661474329763804
86,0.04961515441790752,0.04948974242163887,0.053339801898140006,0.041756823482581494,0.05193240976700645,0.05386316976152503,0.050184525171624715
87,0.05427787479424815,0.0462910938163144,0.048449657188425616,0.040517380183825835,0.04215647376210037,0.04386766934046347,0.04571633937785641
88,0.04762509382868718,0.0545613679635227,0.04660162178998221,0.05372261375538358,0.054012600795466936,0.06330265559732665,0.048131224427223215
89,0.043903358815971086,0.046247315313685276,0.043813119755911525,0.05223238958436159,0.041911113056333646,0.055004935243634936,0.04658498241020283
90,0.04744462304751779,0.043772037612146306,0.03708773524720894,0.045407498285355334,0.045239801207564365,0.0500744898932113,0.04710931329270145
91,0.0480404349818979,0.047401907956164925,0.031137087021203325,0.04405624389385461,0.04392773921769665,0.052088051116709076,0.04972038087643351
92,0.04826528764392866,0.04979353706502364,0.036324294431731505,0.03643606145488498,0.05749811778610405,0.040658125237335765,0.05128997112880239
93,0.04647742198954334,0.04759722450064555,0.03600170985060691,0.05690124058013748,0.04637331491661971,0.05162396315228124,0.04468990014562097
94,0.051363365333623914,0.05527175894281157,0.04833811003667814,0.05222110721880459,0.05405203497875122,0.048303976892990055,0.049593970470963505
95,0.046612896855843786,0.04227853840794345,0.030018208020050126,0.04570642414860682,0.04499371065209301,0.035942668837870076,0.04918426625590948
96,0.04587826451750291,0.050147870749443935,0.044831203178983266,0.041030194805194806,0.05075715237970926,0.052543829362408576,0.047994698736300564
97,0.04444331204381013,0.038415298155875625,0.037747542603165665,0.04511753575114256,0.04306634516449733,0.0560186507936508,0.030924997246662346
98,0.052096424023516906,0.04987796927255751,0.046325481140090274,0.041512747485081,0.04177190159192448,0.04109555629147853,0.05314558559995665
99,0.05028125978270097,0.053384299831526816,0.0364265722264006,0.03828559276494732,0.054710643233578014,0.0510879240513902,0.04891606625258799
100,0.050424448701920276,0.04067322807911043,0.04289478189826655,0.050538552270828596,0.0478762834783036,0.04562810420287201,0.04308341291304679
101,0.04407017271653131,0.04279780701754386,0.03879214727996462,0.049519146990499974,0.05005804526355998,0.049919494145345536,0.05416559996198744
102,0.03903713658050419,0.056343918991318874,0.045554968470641846,0.04659539867296447,0.04709040774284196,0.054363673119722886,0.047612134413088446
103,0.049983494983094255,0.045517514430014436,0.03472009880111812,0.04436457728545964,0.04124839454556527,0.0446562555103173,0.05345202411107984
104,0.04662379895706289,0.05349434505915257,0.039964878060535954,0.04264628085364928,0.05031901336985804,0.05328493619467759,0.05197818032351281
105,0.044858944169579466,0.04963243648894965,0.03795742292212208,0.04747798267538761,0.0470061303300878,0.06183000382893607,0.05121325986534965
106,0.05054873688483784,0.04781684655479278,0.03692745500113921,0.05005075116713352,0.05007705246026016,0.05663508771929824,0.05078862876889193
107,0.043610558624135,0.040669938736051944,0.03775173678184262,0.042448472507025145,0.039027254294721155,0.04935781268058156,0.05227065073168855
108,0.04905732204746541,0.045080600343424246,0.030562585200504172,0.05958323443412452,0.04040600715424926,0.05646344620609495,0.0563262360446571
109,0.04032309123002601,0.05277802083752161,0.034173605805958754,0.04821223420264022,0.05328750362012915,0.04656279423191188,0.050565452617147
110,0.04430320936398969,0.047497837282600444,0.049466000227842345,0.05593780504913343,0.05340000063090319,0.0553293521012871,0.04578206874137215
111,0.053011642855656925,0.054124322169059005,0.041005043692118,0.04211084292728256,0.03956017335004177,0.05894414222314679,0.047872123015873014
112,0.04809677382961136,0.051602393038901996,0.04418251229484235,0.04251648628711592,0.044925863956566614,0.048585744774231616,0.04565864957577234
113,0.04041219542061676,0.05327462451418401,0.03480825358851675,0.04006237861811392,0.0390624287992709,0.05686256269530264,0.04596963072968222
114,0.055978482498516835,0.048593817975147904,0.04243830300582892,0.0444013703805841,0.03929221199748189,0.05005774787347156,0.04603058950853069
115,0.049471891098486875,0.046826605865978595,0.044129996582365,0.052968877686640846,0.03950221967574909,0.047537156502917365,0.05239984367160636
116,0.045497514185669885,0.046248742595124175,0.043192159335650224,0.04268709126984127,0.04489741752224085,0.057825750971631985,0.03894176065162907
117,0.039561392396356934,0.04369025860104808,0.05123588635049162,0.04439251242813885,0.046653302320165284,0.04463691029771592,0.05749564354727399
118,0.04815642232277527,0.05084052631578948,0.050442687084195026,0.05090433310110942,0.047005295007018826,0.05431872456300374,0.05787006508584295
119,0.04442609616718888,0.055304497657186445,0.041402223028799624,0.047383498700638293,0.04156293077837196,0.058575320922627426,0.05602477718360073
120,0.042825560333934275,0.05214580982313179,0.036209337291535436,0.05405029987270549,0.05782966042168895,0.047400717703349284,0.047922651337422836
121,0.04462685048405327,0.05285216932190616,0.034812799043062205,0.04930177221273365,0.04445142515379357,0.04850497265892002,0.049113038831093074
122,0.04652173761885079,0.04504109139828181,0.04235718038411537,0.03844040764790764,0.04067780740286545,0.04994070039082827,0.04602987967914439
123,0.04560370943326826,0.052055398411358166,0.03578442020244753,0.04277471874204228,0.04746387467496534,0.055485189088984185,0.04177345354808591
124,0.04741501877470356,0.0435535184717393,0.04545312362758015,0.04457520183567498,0.05493163764056347,0.05229057311840206,0.049111549391154655
125,0.048740186944342956,0.04348440656565657,0.04787609912462315,0.04256744009523926,0.058272321060731345,0.05176342251622236,0.05658317555767246
126,0.04873414259462887,0.04727656839727777,0.04761785734923607,0.04129707524157989,0.04069973494341916,0.041872113997114005,0.04822302043544691
127,0.05177713707843958,0.04288064505446394,0.03872238917306054,0.035839229336839626,0.05133774917462998,0.05037749662618084,0.05176169786096256
128,0.04866019110234414,0.04710087328899172,0.04775726383161266,0.04930509623709624,0.04680839029391661,0.04708297587678022,0.042521655408574915
129,0.05087248628925254,0.046309267740429504,0.043788250971631984,0.04615867794337299,0.04119065935784202,0.051019356628997904,0.05273051929599244
130,0.04921741904868008,0.047613167710944024,0.03939344167236273,0.04097527422996531,0.03852047161644685,0.050833562166285276,0.04259122348856331
131,0.04897691780289191,0.055226289682539675,0.043382906162464985,0.041824246359076084,0.03625940553254795,0.044539085280045035,0.04932273638229302
132,0.041819243525480373,0.043410018276917595,0.05079770321987057,0.059444034152822775,0.038755952380952384,0.04834993597761551,0.04954744593697683
133,0.049371281746031746,0.03584268170426065,0.043237418727979364,0.04124063519083256,0.05095358893557424,0.056139910650308246,0.04938722307104661
134,0.0542293008420673,0.05256288819875776,0.048338822909546594,0.04934921655071271,0.05067720470963505,0.05277155008733956,0.043747049441786284
135,0.04781880567394422,0.052411063442921034,0.04900656510242424,0.050907051720209616,0.056673977166624236,0.051072158617451555,0.05653603464771943
136,0.05012765583945041,0.050987505450831604,0.03069243972230041,0.041457703115597856,0.04930669164594996,0.04784332512770728,0.05519421372494633
137,0.05823768261562999,0.04635444571768101,0.03452262094630516,0.04474316874405264,0.03412712726655047,0.05555756340397611,0.04306143115140793
138,0.04635478756385365,0.04835459323660815,0.042950893534551324,0.037023656648013895,0.042984958133971296,0.04474777864044168,0.05191873623452571
139,0.045906657733688454,0.05433878446115288,0.04172467646388699,0.04349450414573984,0.05565854194309303,0.05134861354638243,0.04381572903379506
140,0.04715780725677831,0.03965560260946484,0.049128414265921336,0.046133489087022375,0.03544014183233796,0.05863063575586257,0.05097935895889457
141,0.045002138280410976,0.03958370044987693,0.04261566727240096,0.04320281756642051,0.055045038547455606,0.048638354464592845,0.05284710923194602
142,0.04856764855627664,0.05383620827843655,0.05097172441561744,0.04054936218593255,0.04947329810712163,0.05475748177261336,0.051071058798181225
143,0.052289978556015713,0.04677548510313216,0.04538166611939832,0.054927221585603946,0.037460099949070534,0.049563316881776634,0.04903972244608266
144,0.04459894690324295,0.04653256046076984,0.04780156331671424,0.06314643239113829,0.04689303200165025,0.047915102177234534,0.0440467786726368
145,0.04681464769575745,0.049741728052014086,0.050443872180451134,0.05135302642242667,0.041759824970351286,0.06358024681268389,0.04394063663168617
146,0.052925552268352036,0.04187277870235537,0.04767032439125015,0.054768269853985016,0.048933842181210614,0.0339972582972583,0.042190094127242464
147,0.052558516745828766,0.04939737335942351,0.040475,0.04012034313725491,0.04364217850776675,0.05460603456570949,0.050421114740522646
148,0.050557216514679516,0.044122399183652385,0.044508364293085655,0.04019574229691877,0.04492280598030766,0.054576978554753165,0.05322337057171154
149,0.0531190528131924,0.04761585839598998,0.038285513024986714,0.04811736842105263,0.047315632776236495,0.05107246156621157,0.047681320959517895
150,0.05517971307055518,0.04923635013044119,0.03596832824038707,0.05510311004784689,0.040243733107278,0.05635816178145899,0.0562308069639339
151,0.04484389761221041,0.051647205094422485,0.046641414532320104,0.044864884778963735,0.04732918588054458,0.04929327852491805,0.05232953406242881
152,0.046452644622920945,0.054586296417291,0.042930378386532485,0.04693912957527508,0.044857821616789015,0.047649593100398055,0.054262282600440505
153,0.05283864041221936,0.04478292445127972,0.02819605706508385,0.04018325923892892,0.043981269684421856,0.049936431080996296,0.05018953654188948
154,0.04463956897405428,0.05937459549730717,0.04215494227994228,0.04411282654924532,0.04619494190020506,0.058334829200039726,0.054173054837356883
155,0.04923255496985217,0.05534156223893068,0.03835116092272843,0.049607886234030396,0.04506660497927762,0.049517769423558906,0.053735850670619825
156,0.04455512353123886,0.04329904738401844,0.04018788633503469,0.04991832140468751,0.042814628194527235,0.06151832590612003,0.04884241117886242
157,0.05222333831256887,0.043744501547987626,0.04383540955387772,0.043286986279200676,0.0482685886748084,0.06058491851285969,0.054865764790764784
158,0.048205423287496815,0.04719717899822019,0.044837107563821595,0.04793731540874099,0.04640027247723859,0.04644503878474467,0.0443195481401983
159,0.05134113621807044,0.051910136366938434,0.0362767542225128,0.04031420241416725,0.04857130585609183,0.05926392973286567,0.05210068786095675
160,0.052934616085061725,0.03805562871081448,0.0392181643726071,0.04721809788508704,0.0501112967076783,0.0590662227419572,0.044161908253350576
161,0.0476992651775189,0.046451316889837564,0.04104213896483634,0.04687311441336815,0.04298587687103132,0.05593679573070474,0.04381255213131643
162,0.05479136134918984,0.05119029695450748,0.05439025026087417,0.04536568083756629,0.04278981284733573,0.050407805561722654,0.04805227743271222
163,0.04259421209346209,0.05062464298558339,0.04157099102887062,0.05125233519404573,0.04323962368041316,0.0552358847886981,0.0523654893574516
164,0.05726393921051429,0.0408720994473998,0.04153760240522254,0.04423686274509804,0.0473006261701685,0.052298825271735495,0.044241137956881664
165,0.05169977198912411,0.04385943029364857,0.04094121265731173,0.06126185853362324,0.05295772292517313,0.03854721990470829,0.048192984913263556
166,0.050411262812829184,0.05022129574886609,0.047080222180565436,0.05272537205021388,0.05052478438743918,0.04871855130249867,0.04934450935061633
167,0.04846009213064777,0.05391374358355783,0.04393507883674931,0.04300736656218551,0.041251202118389826,0.046514800481596154,0.04902253907942762
168,0.04280080374580662,0.05966686753648829,0.05841161904761906,0.04621208274797671,0.04403391168963252,0.045784823131804556,0.052973690191387555
169,0.052647634624104836,0.04257732601431114,0.04592732378954634,0.05000246833321777,0.04695866566653011,0.0499394517667687,0.05911951640877557
170,0.0446567615629984,0.049600153961105974,0.04348227458031267,0.03964484004127967,0.051302275758129345,0.04838664162634751,0.04248132022597286
171,0.04722695804584749,0.04196390756302522,0.046583017676767674,0.03775160226405937,0.04780102439699963,0.046974303099646356,0.051065345395768735
172,0.04340891327768566,0.0478715280625807,0.04407999734183945,0.03872041105728749,0.052636580086580086,0.048736885026737974,0.05325199502379137
173,0.049026086790042736,0.04666252538460777,0.0404817888471178,0.05747980263157896,0.05234589556038928,0.053598174094996856,0.05102176869409438
174,0.0434346496350994,0.0555877207404701,0.05002274493876324,0.045281404443061474,0.05394745439982013,0.0446627380952381,0.052788359881432635
175,0.057469361810322916,0.05119232232494701,0.0409460379568234,0.04276962415921226,0.044317740429505134,0.04610519530050423,0.04694380120261127
176,0.03877040495267827,0.0631878631601382,0.03835585308379645,0.05601113222003316,0.050712443245795644,0.04503659842274057,0.0439052193390358
177,0.0484217794991844,0.057794166511663955,0.05078534441049146,0.044884109713386036,0.041068910129407846,0.0490712535125693,0.044509670307190906
178,0.052272109884151985,0.04574228879593582,0.03904956066637181,0.0481103034017851,0.039648070175438595,0.04655313124053449,0.048596665907192235
179,0.04669995220862355,0.04983843894320782,0.048214442479717075,0.04386432460960092,0.04836952831534539,0.04805529239766082,0.047279220779220775
180,0.045484305074279904,0.05244611565144747,0.03703474472626579,0.06044580303030304,0.04483320210061696,0.046888647029299194,0.05008430595593068
181,0.0564010757911679,0.04814603247248556,0.03756352834490706,0.05250877436461028,0.05099912146676853,0.05601260575905004,0.044034731668026864
182,0.044971794677379086,0.045500041697574954,0.03617207430340556,0.04708084025494256,0.04622636800334169,0.051592261904761905,0.044384003515142975
183,0.04964106851250602,0.04925479420476325,0.03591548089373049,0.050326775983398006,0.046064662366618894,0.05191096422394629,0.05339857268335528
184,0.0488057403446227,0.04641294071976617,0.04095680846930847,0.03321321262448534,0.04862151570048309,0.050675497614793785,0.05055528420854507
185,0.05212267218824983,0.0500080214923498,0.044661250664540145,0.04071426710303426,0.044610053352444654,0.056942435221783064,0.05068384502923976
186,0.04798452800006189,0.05639840715920236,0.04437039266892527,0.04779467395092009,0.05031003177968366,0.054203825405760395,0.04938034100402522
187,0.043470777482922995,0.042309702911467614,0.03954003189792664,0.047247837226375725,0.052616632490316693,0.05272587307997188,0.047351801853117645
188,0.04506147599817959,0.05436008409576994,0.046325022114108806,0.04266553736118954,0.04291505847953217,0.05371044649570528,0.05279007936507936
189,0.05001491406546671,0.057824875759887207,0.05193130804953561,0.0392586352244247,0.05047794351073763,0.05628811378306264,0.061780167748917744
190,0.041449188568010935,0.041256408920270146,0.05503724125655046,0.046616011226625044,0.04314846715355583,0.053344662182465384,0.055985101010101
191,0.04917012117019548,0.047898235068072025,0.04429358104243015,0.03938997113997114,0.042869357393813916,0.05477125402633143,0.05009780613497046
192,0.051106800318979274,0.03545702368958124,0.027557027158689563,0.04167850994464772,0.04917587082679962,0.04035839811203589,0.049779636358391915
193,0.0518957383548385,0.042701107424455126,0.03634219804626656,0.05004791528635586,0.04523752742630233,0.0540171111000395,0.05253529167023581
194,0.04625288873184667,0.042108083443903876,0.043558035276033996,0.04479317808685086,0.0384881585357255,0.04415235453587857,0.052919230980652446
195,0.05471570402312972,0.04692613678537778,0.03711200553832133,0.04449421261487051,0.04370281047087027,0.05078414074960128,0.06068787872596511
196,0.055304114005575535,0.047041663079800955,0.04158195616555338,0.05490346446713723,0.04261780049184226,0.05429507359648026,0.0505630356193514
197,0.04928663322075243,0.054946936090225565,0.03716524596070313,0.0517481795005932,0.04558267923354073,0.049646152518978616,0.0455560639287613
198,0.05257227212580684,0.05883453557312253,0.045202029952331815,0.05406010101010102,0.033166052606813476,0.048888318930997966,0.037645153368191464
199,0.05349663173569824,0.04195903594989761,0.03879997947743691,0.050015454644516434,0.041521913788093424,0.05481070032478702,0.040222002449305086
200,0.05005894862155389,0.04561439091038634,0.04671285967846037,0.04667113204133329,0.04920107323232324,0.033821978687806856,0.057905045238559175
201,0.05310153537830083,0.056768578665916135,0.04097129521665126,0.04920100250626567,0.0430444095378306,0.043923232038429405,0.04383340880610618
202,0.04988799790098066,0.0399621383002962,0.05571265898703979,0.04353775997965929,0.04294111177565125,0.04543114109359852,0.05631879442367058
203,0.05288935977764926,0.04415726042378673,0.04093036721414868,0.04988103408029878,0.0347110328268223,0.05289995732083832,0.04966504708741551
204,0.044058706222934195,0.04242376596571643,0.04527857047922837,0.04147780278119153,0.05110653674894824,0.04854661084529506,0.05232078549469854
205,0.045514769822282974,0.06431486365782704,0.03979156545209177,0.04685501372832609,0.03817950633117126,0.05476040417099241,0.04571056808688388
206,0.04834557988801928,0.05090463192852899,0.04038017206223728,0.043568122529644274,0.046897491931555235,0.04523045159399312,0.04228380722304871
207,0.04830665606980328,0.049071164728990826,0.046720445052024,0.041249699520540486,0.050110868006449504,0.032423182454800095,0.049846341247649466
208,0.054503859070753814,0.052133665413533835,0.0388416393255867,0.05504442052099947,0.04937003364899112,0.060059079597097845,0.050773134931803666
209,0.048642307529897746,0.0394052195706658,0.05090778271436167,0.04119095436801724,0.04222397677644667,0.06550572955726913,0.05193703121439963
210,0.04554582202274849,0.045162449126381024,0.03666537013234667,0.047823569812540406,0.03550237732011187,0.05033397106849119,0.05279162024840447
211,0.05305700540054313,0.04964335038363172,0.04979658490346419,0.044144843207375176,0.043006897183670637,0.04925991427432218,0.04842257506855628
212,0.05858523800505051,0.05191879177109441,0.04356275060131535,0.03850422999634637,0.04914914179387863,0.050177830940988835,0.06511409458428681
213,0.04025810463659148,0.051859749392420454,0.04116394433440805,0.042993179188671515,0.046789351774965585,0.04828441156366853,0.04307954776598942
214,0.04870947237886382,0.04506714361564611,0.03738360691166419,0.03578477797755258,0.04525921812106022,0.05244364245594223,0.05118556117440389
215,0.046434713663243074,0.045181558120578516,0.044124365423591425,0.04091262978262521,0.029044953323885552,0.049190541407867494,0.05199535237070403
216,0.042707978878577565,0.0379430967235379,0.0475157150121681,0.043383002914604576,0.04223574991400069,0.0642248281681974,0.04476778902470079
217,0.04710073868387935,0.048534986909263396,0.04645773144983671,0.034116000062739196,0.04387908569422232,0.06034743516399695,0.0456849502895812
218,0.04859986637790128,0.05811778992936888,0.04371580851638901,0.047153650842621436,0.040001577260458845,0.056444938151392586,0.04792561249380135
219,0.050790208774777856,0.06509900793650794,0.044381179971988795,0.04471559203825071,0.05376520612301505,0.05895193453412847,0.04713705781251548
220,0.04881965665945781,0.04737464864206553,0.04288243218339968,0.040484903860441616,0.04036837367045841,0.045125174136186726,0.04945098843122299
221,0.043379800374779544,0.04776076701800615,0.0523203314659197,0.036956291897910054,0.044414160454418226,0.054273500847707504,0.04910531268883672
222,0.05475937862329113,0.04493635437751402,0.045195405313640614,0.04881473033704155,0.046655726939898765,0.05041555251765778,0.046646464506855376
223,0.04069555721277833,0.04938570406966614,0.04413521437283048,0.04371910886818496,0.05025680156831473,0.05021888829451758,0.05284844240726594
224,0.056699853987214124,0.04890307208237986,0.04651193872362065,0.04680362411711096,0.05651651016345795,0.04864814107461167,0.04899248376210619
225,0.039358678151054316,0.04835620928106458,0.04936721607941423,0.044642829801777174,0.052750078862243185,0.04727458061738669,0.04540133689839572
226,0.055372407877146076,0.050643287954735314,0.051003628863826235,0.053519939219707026,0.039588667407154256,0.05648096852391189,0.03652006846875773
227,0.04624247384445769,0.0468828252840211,0.048289610909199684,0.04439534157363105,0.04509192985291283,0.04969534735831092,0.04752307308125386
228,0.045795807305794516,0.050674793043214095,0.04117878503075871,0.04975146804949436,0.04271481501431444,0.05059404594373636,0.05379864427984633
229,0.03602017879431781,0.047422507039706525,0.03522830918651352,0.05218030866192632,0.044886537892044685,0.041996446194974765,0.04831764756141691
230,0.046621349658913916,0.04425807102814776,0.03963137562285159,0.04288989472271122,0.039352228304816134,0.048132626175947116,0.04816368394247651
231,0.04334135367965368,0.047552839571755476,0.050016229225897414,0.05166191015689266,0.04760282551807908,0.04538837289301685,0.04443104441624095
232,0.054969765944272456,0.04171251332615426,0.05147418922635971,0.0502874060135808,0.045741477647851324,0.04967393963554282,0.05853394404984794
233,0.04435495703773501,0.054480412394622924,0.038776378111053035,0.05814945868459026,0.04800703793612075,0.051435175582931,0.04875847889343499
234,0.04938222581781251,0.05106645859300658,0.04855033904293983,0.04848805074279903,0.04422319381292493,0.05663640764936819,0.05323189656628202
235,0.04934740557275542,0.04874787679425837,0.044198409503181345,0.048388493962178175,0.04932138018358303,0.05193976292427379,0.055497399237068104
236,0.04142915960355434,0.05421944867764039,0.04098185986064907,0.0468666878986167,0.04904065086959823,0.05086254177109441,0.04280579917373648
237,0.042799955402736414,0.045080073633777876,0.04366145258980785,0.04776951943768979,0.03751910246631071,0.05127946570972887,0.04519938884644767
238,0.05470687572349977,0.05485133874123813,0.04657672343641014,0.04661026216169153,0.0406970429503193,0.05931821028633353,0.044735072624743674
239,0.04917810364514713,0.052009813163095484,0.036682825766462195,0.043595450372472686,0.0450734391124871,0.048656401894888734,0.046271023119392685
240,0.04334591454444249,0.05152413376573846,0.03790543233082707,0.04801522556390978,0.0404742986943061,0.057503501735622485,0.059983720145953115
241,0.04433744899653226,0.04709862043701053,0.05948397098071012,0.0443532839649171,0.04175974889403682,0.0431615712948379,0.04783747746534512
242,0.04844059196006951,0.051146522154316275,0.03632596548188653,0.04017352633793272,0.04472364219114219,0.04515445660720428,0.05886176063050559
243,0.05276029582758144,0.049164238824993975,0.03685168481422109,0.0541551726352423,0.03885167708127562,0.05641103539227109,0.04889459699974574
244,0.04948198726679667,0.053175036075036076,0.044967434437543134,0.04094999906018214,0.048163756038647344,0.046787881924838445,0.04289368223365901
245,0.05461365992298036,0.054306050462695196,0.04895138994991936,0.04614135710304189,0.04126674724913889,0.03808922587532344,0.04674022522884752
246,0.05118944790600982,0.04052573298173985,0.04655963773069036,0.045441689004150305,0.05430025404420141,0.053393088118022326,0.054641037011850725
247,0.053003660975852795,0.0482976535541753,0.041806127819548886,0.04698497653884382,0.04199935420878011,0.05122301587301588,0.03935145271824839
248,0.04630067945575013,0.045856330219488116,0.04488457893731153,0.03557822493167308,0.046099232466879525,0.06595916149068323,0.05930127851865384
249,0.05009845715738622,0.04530636233892813,0.05089693172324752,0.047062889249639264,0.05303934194890079,0.054798103864734306,0.056612294796501116
250,0.051303303848413376,0.048590846387251946,0.039030882977961145,0.04228866029630769,0.03775301544860368,0.0442630112229345,0.048274808810563966
251,0.043415771819254025,0.05097519186223134,0.041094389233954455,0.04751448474126493,0.05852196679066883,0.045803723323460166,0.050290202947207596
252,0.047391899739770746,0.048198247745322394,0.030906292452144858,0.03978686798518034,0.05489672193057239,0.05933957366387371,0.047960858585858586
253,0.0514333075696682,0.044032610507901936,0.04875790685553399,0.042785143338418506,0.03842508412976175,0.04762548350041772,0.059462225193107544
254,0.0464904333206204,0.04731191012290083,0.044441423815950135,0.041367996753246754,0.053208142113921,0.0533478981544771,0.06265224973253292
255,0.04812698204959816,0.04161995206376011,0.04068432595040652,0.04424716383540182,0.04952990258963304,0.06381056158109177,0.03986797011468064
256,0.04748923231285268,0.04446602969875281,0.03467912014885699,0.04718720218064343,0.05295492510921572,0.06326617714071275,0.04306145197261347
257,0.04328193922430402,0.04928537838628967,0.04774152864044169,0.0457472132034632,0.04536382150701036,0.05188756566491794,0.05640824688241568
258,0.03955689846579364,0.062488887000108975,0.03853273097516518,0.04714124520205419,0.03908505952380952,0.057302977139819244,0.045750682288725766
259,0.048832889606262045,0.04741025377542322,0.04752960414142774,0.04650556568904092,0.04812765246449458,0.05837876274911878,0.05715751811594202
260,0.0514508567127052,0.053332227555053645,0.0531642076447804,0.049091845310692064,0.03895510423058344,0.05739400142513146,0.052728863041992334
261,0.042872604713784665,0.054700308499979554,0.0392378925120773,0.03775620857290286,0.04906612523155716,0.04274094058676102,0.04546216224996344
262,0.046853258133858475,0.046448441401593585,0.05049626123939625,0.04244547179873266,0.03655286787310445,0.046604766690324984,0.051876990483455024
263,0.044544536994660565,0.04908286679738466,0.04166488889694234,0.04234829819938516,0.04557713354775375,0.047120876053770785,0.05684447219876787
264,0.04950006558782934,0.044586010480747326,0.054037828703355696,0.042797827948494425,0.03777681309918153,0.05548617387458417,0.0440242105263158
265,0.046151627006911215,0.04345295243261995,0.043847226036104754,0.048434445366015065,0.050296041235334724,0.04707719376426807,0.047725705797470507
266,0.03974264668361855,0.05427881818249802,0.05087676066109822,0.05325243853865658,0.045318646108849205,0.056563279801553804,0.04062445936087813
267,0.049708975752200193,0.051958802264127336,0.044637051599295846,0.04263494258373206,0.039716560812730894,0.04838197063514402,0.04616795397584871
268,0.04847989273689274,0.04543939123655843,0.034465000460066245,0.057849554512880666,0.038366720291195325,0.04574690561631352,0.05262454396327563
269,0.050059325828776494,0.04858983072946258,0.03984287207255137,0.04468803873319663,0.040749501594896334,0.05616117083399692,0.05311311450417487
270,0.0555224015751228,0.04683688131347123,0.044188795391951946,0.048077468445839024,0.03349571906035141,0.0609649071275414,0.06195579710144927
271,0.04682485514363699,0.05326409518550503,0.034725742072572736,0.03891491228070176,0.03310718115330176,0.05258181066962532,0.052026833160800555
272,0.04702356951499366,0.04645556236602273,0.04976557808630699,0.04002076341142517,0.041733322499653766,0.05343907306144149,0.05597644140989729
273,0.044836119220685984,0.04611276512893487,0.047560981643055944,0.04664190458131853,0.03872679580985713,0.045209535868123,0.04626203101724706
274,0.04369700510906811,0.04915485510548441,0.0401668971919258,0.04071176256847653,0.04810508658008658,0.056287734487734484,0.056250122180451126
275,0.04757400672614896,0.0570189545008767,0.03949100925390399,0.043104610032550575,0.03919668482606967,0.05385820707070708,0.05232298996153486
276,0.04433897881506578,0.04612104007791314,0.04341593269385974,0.052752827121279135,0.04102588439682093,0.04815800860944891,0.03984578974517055
277,0.05766501097172522,0.046100811316829624,0.048164111365369945,0.054121055160570586,0.04677584254560294,0.05394884259882443,0.049752126576030876
278,0.05160726117090273,0.04136426316459598,0.045817367681338275,0.053293203618594666,0.04038533443680502,0.05516426912870411,0.046820748072698815
279,0.052226799027425976,0.05196378082888381,0.03742167798885728,0.03721272034252298,0.05157034597654331,0.05034543452427085,0.05646675844118938
280,0.05755319276689942,0.04711144421932146,0.045526411986332574,0.04889795536635707,0.042762388227602255,0.05398897684273072,0.06202382880277617
281,0.05411676287309183,0.04681136490377304,0.0446573752228164,0.043320646490480244,0.046352132141949075,0.04376534130121087,0.0554547410192147
282,0.048874824788420326,0.043941179529852305,0.03533549764975681,0.04171332717935659,0.047500404858299594,0.05007537208663369,0.04512062685121895
283,0.04377961882848834,0.04363567671018202,0.04929744263005805,0.05344289569735391,0.04576391782442816,0.04224885374328638,0.050087992346061226
284,0.04713092826701649,0.04596274332075249,0.050055243543641714,0.04814139392040708,0.04817307535142203,0.04939769294559929,0.0442436936585535
285,0.046742515619366654,0.05112972813631382,0.04282121212121213,0.04972958514339791,0.04722586951447246,0.05669668291281564,0.05651105272238567
286,0.05287098466968787,0.057826846954196695,0.0537959595959596,0.051720368279063934,0.04804211352657005,0.051151162464986,0.04493002142019002
287,0.051937985452762334,0.04570134026242076,0.03998172619047619,0.041988608476987634,0.05656343576332136,0.04759950470514812,0.05488662267080745
288,0.05078131299159459,0.050399730449700156,0.03727989766081872,0.044546070077153666,0.047779759803338845,0.05182548422687154,0.04635201422674333
289,0.048512972199730095,0.045185759854180906,0.03619621063528386,0.047779959664331725,0.04527449494949496,0.04487553217597974,0.04575352057680433
290,0.045199504509379505,0.04745945858892757,0.04512697118241236,0.04859330979185932,0.04504400431225121,0.05133731452070463,0.04860910714285714
291,0.05170071361044245,0.052110011758936994,0.0422513129098807,0.047996919477936106,0.037910242272347544,0.04801037047906327,0.05562646095155349
292,0.05181432626992318,0.04806907710452603,0.03839125582449886,0.037493679356494,0.040083833752695315,0.05267483919925366,0.057367595693779916
293,0.05093271798882597,0.04855171206760216,0.0501089864813549,0.04291838007961662,0.03316865042945269,0.048138106893405724,0.05901947873098769
294,0.05522755507142235,0.03932359201499059,0.037261635375494075,0.04790413352221133,0.054612232787851975,0.04653511407752894,0.04504011945600653
295,0.05282741982853748,0.04828675340360123,0.04725205892404809,0.044714517713333166,0.04952416194916195,0.06243514088250931,0.04380195570982016
296,0.04721024909369302,0.04156644424211055,0.04920378709454797,0.04370907330605187,0.041858358903682134,0.044774356233721564,0.04675745999963678
297,0.047754706466453856,0.04483748759152785,0.04371977250438348,0.04758780148901666,0.049883619766643225,0.05493240122898894,0.05464384149991734
298,0.047891094850653196,0.047745997233405536,0.041602560151201465,0.05006287934510188,0.04365186813474437,0.0537852343697343,0.05613952892752692
299,0.047038712203375216,0.04774414730006836,0.053555826026062604,0.05373956429116269,0.042226050138521536,0.04360031950298322,0.042437883614717654
300,0.04511582112686972,0.05186180411255412,0.04498085748792271,0.04334730718356963,0.04412834690893902,0.05522064989136214,0.035603879350783386
301,0.043593893108712416,0.04424489128905151,0.049383159174921185,0.04732613086424502,0.047140494516924716,0.052935713046469546,0.048355741090209056
302,0.0469770760481573,0.04096177229091485,0.03561391519720016,0.03996666196122718,0.0405709804815068,0.05075511771028361,0.04704953387256019
303,0.051937216492657666,0.05018264064145872,0.03571098348246181,0.04128919930069931,0.042151919897006715,0.042748747561572306,0.040352606513619944
304,0.04913569816266427,0.048200133974642484,0.04672643852204913,0.05810950160193751,0.0380516389389764,0.05327564745196324,0.04430973915257803
305,0.054519827948494415,0.048400892857142844,0.05364210427253906,0.04695066252587991,0.04702062559230751,0.05046796080140675,0.05447451437451439
306,0.0544742407930234,0.05257854058827609,0.05286884888140357,0.04329538987859481,0.04056431770516692,0.04289813982419818,0.05215749799399685
307,0.05310833446652733,0.04735764036316281,0.04721529011923749,0.040016509103641455,0.043658389791323235,0.052482198703279935,0.05545065656565658
308,0.05167857766163987,0.050020325814536346,0.037097039473684215,0.03811377909530084,0.049846420038267024,0.04430369556913675,0.05072316084328469
309,0.05147574905065695,0.036758612143005735,0.0497292699775285,0.04811624471160075,0.05007772735576445,0.04505331421973131,0.04600887201034261
310,0.05017018513943786,0.04851328320802005,0.03836912830082452,0.04952281771137136,0.041058259507949904,0.05984302976110352,0.054433327637275
311,0.05067375816993465,0.05477577162852628,0.04208359077040428,0.039049486473391105,0.05001976937536149,0.049915296794801944,0.037979795035863316
312,0.04834060377565331,0.0564974727096164,0.04904451583504215,0.034502160382841165,0.039689865217341996,0.05915992167447276,0.049404218112170065
313,0.048639361218601226,0.04208510244193371,0.04082301225045874,0.047155993107769426,0.04355220029239766,0.04932005880415408,0.05705324760765551
314,0.04804947256495941,0.050660502540937326,0.047255587833219405,0.050524460466538745,0.04564791454339173,0.04373360257527877,0.049392262874742854
315,0.0440342880219196,0.051357913806254776,0.04720568606230371,0.043292665798907726,0.04159661637382226,0.048157290284534866,0.045241990713142624
316,0.04719993801962814,0.04978563512510881,0.04659295299989865,0.045743843527820946,0.04004875681628313,0.06033120010364592,0.052688614081996446
317,0.04596800998873997,0.05499852108036892,0.03752365759717018,0.04835044239386345,0.043056810571291834,0.050794879725276146,0.0541565757084333
318,0.05817290900646369,0.04494716360769396,0.03505672164746906,0.04176125219174419,0.04335737613161207,0.05223083162451584,0.04492235306403263
319,0.04218333183715897,0.04934186476154154,0.047182878860046046,0.04820968128878346,0.04761351440097571,0.04191995898838004,0.03821235493479689
320,0.04509000763271816,0.04438718111566796,0.0422420679255684,0.047157246376811596,0.04377791367640601,0.04913587057040416,0.05069159856162144
321,0.046723028345319814,0.04891854636591479,0.0418278945469735,0.03897175381635908,0.04807507305813942,0.04990210756221912,0.053834355742296926
322,0.05160624188464652,0.043148395498550304,0.04685922191843245,0.04265463741796559,0.04633796243325706,0.044963775575447576,0.04445649784287892
323,0.044346412481962486,0.05145830500163452,0.0441622113997114,0.05329075055061898,0.053759833703261484,0.05364686431989063,0.04644110509115927
324,0.054892792955126724,0.05356079213184477,0.0400200528495151,0.05029898580564603,0.04506504454008324,0.05444853437942683,0.055431101986249044
325,0.053924829847053525,0.043441930863254395,0.045919461443269485,0.04652468149540518,0.052563359333387336,0.04905003607503608,0.058133614562252335
326,0.0413923625673208,0.05481009324782545,0.04318605462932694,0.04708268666561001,0.057300874460843,0.058568277383764,0.04607240928407976
327,0.04996668816309549,0.045989485076327184,0.04368079305642235,0.04703933436357693,0.04880341660310196,0.04973132559660019,0.04299022906618814
328,0.05450127381502563,0.05349704962752733,0.045636842105263156,0.047995954944178625,0.03905401274926447,0.04943029882017296,0.05331355478156176
329,0.04634445053383672,0.04520884688009452,0.04128951065031797,0.05717935943915046,0.036592125707539794,0.04740747172074572,0.05208987941109459
330,0.04483316277632681,0.04454166040100252,0.04139819635988366,0.048352068537299814,0.04741041998936736,0.05280011850277868,0.055036025944598777
331,0.05228915569924143,0.0385942228289277,0.04324104532163743,0.041919992753623195,0.04832579727213679,0.0501082246129157,0.04399031013799321
332,0.038741203768644275,0.048888443007221616,0.05320549146737261,0.04268145989974938,0.05019848008113169,0.04110442312581901,0.04503842418546366
333,0.047904444407053444,0.05492555014430014,0.04737513536806443,0.0482389842359522,0.03925248538011696,0.0463243776106934,0.046449467345519975
334,0.04684675275144383,0.043799895572264,0.041733464455576276,0.045178097801321496,0.043689428280847056,0.058712221314154954,0.051960912948009794
335,0.05247451316577356,0.04238935760108185,0.041756617647058826,0.044590663378589086,0.05205652542117326,0.05533151624945104,0.05406935190413452
336,0.048239291848158734,0.048459628482972146,0.03273996130503484,0.042335289484767044,0.04791684324447483,0.05203215620306094,0.05101721508432788
337,0.042434755677071466,0.04532186571598336,0.037887957359977485,0.045820279866332504,0.03663885659665711,0.04831824162679426,0.051508582764209374
338,0.04961375369810396,0.04021315219438285,0.04428550387186287,0.046310827067669175,0.05310604937054915,0.05269648553201185,0.04532207871266796
339,0.05496924620543923,0.04707238408157105,0.03932879481311976,0.04142277109887017,0.04922455123315535,0.04443515718644438,0.043340795169742534
340,0.060956180381347466,0.04459896259141615,0.04158328728461082,0.044636580134841,0.04313229293589706,0.04802131985101093,0.046817295226460325
341,0.048165974912027544,0.04784878398648136,0.039970141530296335,0.04743682909562133,0.052621880436385084,0.052459190590111636,0.05000006006840709
342,0.04736456716657955,0.04540455153034101,0.04309971765979119,0.0435373256302521,0.04105282151195599,0.05096220278016954,0.04549125864460617
343,0.047757614652573464,0.052479044201412625,0.03980382853248515,0.045267479460683796,0.061232239690134437,0.05046822961554083,0.058379757240598205
344,0.052640402860984904,0.048911385973847275,0.041107210351455876,0.052247863643064885,0.036234988885645095,0.046501758658008666,0.047988362952836636
345,0.04525289747474747,0.05658673626735209,0.0488121957561889,0.04128922588382139,0.048386929492076555,0.048733545821074434,0.05299353534892217
346,0.04608442777398041,0.053784625082090254,0.039904288847117796,0.04342073103154306,0.04901610942900148,0.05320664110870062,0.04545575255273734
347,0.0577580606149349,0.04212186008790868,0.04427730673609157,0.0507868713358029,0.04662962537212269,0.056347461456672,0.05105686002089623
348,0.04502962807345161,0.04884262148337597,0.041167049705951315,0.0541005449899258,0.049618253968253964,0.04813964262259928,0.052984155785884154
349,0.04583461395146784,0.043522973152578415,0.04358949515733067,0.048440174211977285,0.043756264013129,0.05818421977209163,0.06609194408121753
350,0.04578021897064288,0.05146867167919801,0.0392504623300676,0.05015396616541353,0.04763090953668757,0.0551801357395465,0.04783400204960981
351,0.048716525134222505,0.04811129766794729,0.03066485226983797,0.05349353143087898,0.04520427752128518,0.061368259065813426,0.04426181484867714
352,0.055514491294524196,0.04819305080884028,0.049302064765300066,0.04119059197439464,0.043325317187411685,0.05191837121856472,0.05334300038197097
353,0.04580318271475257,0.0443477226226459,0.03459236201917838,0.04984348370927318,0.05098038168738128,0.0525716701173223,0.05035160640013581
354,0.04265648974662155,0.04039121583850932,0.048690362566738095,0.045306187608009016,0.049495724739656626,0.053171200173086366,0.04766142195904782
355,0.0553390148034227,0.04933993932750965,0.038796603808987716,0.04862249881256851,0.046749346752916546,0.05025459683075782,0.04459293070698913
356,0.052377450837626516,0.049990515904094104,0.043269884559884564,0.039712032532311176,0.05357114809639964,0.05194302311885853,0.058299293130330276
357,0.04673020022687437,0.04852801124847693,0.05124630223285487,0.05384575024882014,0.04828297116454238,0.05519196510030404,0.047347236272499434
358,0.04115868966861599,0.044271241292994555,0.04278554722076058,0.04356350050915268,0.05470289278780327,0.05612094800838996,0.04750693393077362
359,0.0507883760566941,0.04671136885775044,0.04481101206857012,0.052833393689643696,0.0614502193783692,0.047327623013008,0.04865074757973366
360,0.05221987449762514,0.05002365969271003,0.047341870607892286,0.042142638950316974,0.042062903470798205,0.05150619729907775,0.046204222410828284
361,0.04218416987069948,0.04714995693357435,0.032137257954669284,0.05149520202020201,0.044695971743740626,0.0488780278847549,0.061962163742690056
362,0.0461169206103494,0.049194459699974574,0.04180607447472437,0.03791298960041221,0.049387959936072076,0.0469964133819397,0.04758649826097834
363,0.04349467358689195,0.0418275539042328,0.04759989177489178,0.03788417411621746,0.04443541943093027,0.04425003752697252,0.04589131132586173
364,0.045636785141652994,0.05173954404728398,0.04199797572138904,0.0406767710516701,0.04957354108309991,0.05414735269546415,0.04484567577030813
365,0.05631780280748664,0.04924690179101944,0.043808215779897706,0.0497449002170038,0.036612365919254465,0.04609515498231746,0.052472210925039876
366,0.05096540138884761,0.05030202556787224,0.04601586259009533,0.042094975196166805,0.044262072125500915,0.04780900455043678,0.05441941383844988
367,0.04734477604997342,0.055091301831123804,0.04891718253968254,0.04528376105316963,0.04626527748399131,0.05181560097931413,0.060195598845598844
368,0.0462369809472919,0.046950592991429986,0.034200299414544263,0.038861899263970205,0.040130818310161596,0.04981498822814613,0.05667908880936745
369,0.047445807532665654,0.05141766338946646,0.03780212367555717,0.042703754413371285,0.0471249346356669,0.04339588723586655,0.05427027837069228
370,0.04097942175514545,0.04615830031853252,0.04225500345065562,0.04970406243074166,0.04620648723257419,0.042530143540669856,0.05730176567532168
371,0.045650376623376634,0.03955602930566166,0.0446225790513834,0.04614801082202523,0.049669734675126545,0.05220974728487887,0.05110219170921958
372,0.047669682777989504,0.05211504012889118,0.04098807852965748,0.039232172919672924,0.05735076754385966,0.060823065384048344,0.044295517676767676
373,0.049992409432672594,0.039351400466541134,0.042817927662535796,0.04263846548188653,0.046561330213903754,0.04858411994660565,0.06346392707216507
374,0.05415184563871315,0.05134475461385207,0.03922402390780874,0.04431614832535886,0.05193626110731374,0.04722768841327531,0.05910095459236325
375,0.055039474443684976,0.053221037145688856,0.041385350582920914,0.04344348115017452,0.05572565413864041,0.06127954319408922,0.043386381383494384
376,0.044552001246803884,0.046475499447382614,0.040974241695846216,0.0422692384200057,0.042846956852916604,0.05518065238854712,0.04311773530309
377,0.03640691881393013,0.049551973126987434,0.04418923031732629,0.05349265641479264,0.043140591921707314,0.05504967320261438,0.048052802455841225
378,0.049765255981978125,0.04859565081618253,0.04106742424242424,0.04260106722256894,0.035145310199178485,0.04557580783509576,0.05094964480123233
379,0.044096369442506916,0.05771419631093546,0.04759094039446443,0.04872386474206908,0.05019035542630744,0.04616030719600093,0.050951160839504496
380,0.05126524626517274,0.0412668453218608,0.043695672365055865,0.05176408085430969,0.049140006967352504,0.0499739348807965,0.04304396089619538
381,0.05461725645106528,0.044280816903507124,0.048233721558798966,0.0511240365085775,0.04504549646260173,0.044332003722541646,0.045095062466772994
382,0.04420626011999697,0.04233874116771041,0.05025424913422827,0.04251717790853946,0.053963637078435836,0.04645164995822891,0.05915197093937082
383,0.05041937722389478,0.05802030438414878,0.03746574110817616,0.04983624335459862,0.049083702153110045,0.05957250385127354,0.05372033527057588
384,0.0488911884570762,0.0443221338573707,0.051793940248348144,0.04814264933797527,0.044700066097585284,0.050662667919605255,0.04982343643198906
385,0.04938770626432391,0.05351927546138072,0.03825729398478759,0.038266123869456256,0.03764544884939622,0.0550979509462061,0.05322591764325174
386,0.04213225656367532,0.05062497655122655,0.042410152084757353,0.05375280979127661,0.04455040004903564,0.0515399833576035,0.04709401800002992
387,0.04646662277176318,0.05322812914639541,0.04984237781954887,0.03879380985887178,0.04908992389862124,0.051492483005788126,0.040884744816586924
388,0.047734881285338954,0.04394986208837602,0.05199424921483745,0.048697567287784675,0.04787584776334776,0.05016185909146268,0.05044232229123533
389,0.03958950982644807,0.04436066729323308,0.0403932038011793,0.04039145069112175,0.05116534652259767,0.042237532752335376,0.04058735845295056
390,0.04920356006304123,0.0417521873779815,0.04926571366342113,0.053629043706103205,0.053225584068867814,0.053111427930197116,0.051527480946612046
391,0.04694206870917704,0.03656292306077136,0.05298247549019608,0.05162957822266275,0.04662599195180465,0.041371762763380414,0.04329562324929972
392,0.046507155403605636,0.050832910959439606,0.04095959755187008,0.046717164001139976,0.05723791380188439,0.04675025252525253,0.05632196715049657
393,0.05058277117369346,0.048630882713254504,0.05384854925775978,0.04488986058059587,0.04596408730158731,0.049622275179054355,0.05045897359821122
394,0.044600992162893864,0.047399206020942455,0.036702333278849295,0.047396397842140815,0.04500348124098125,0.043872081054910014,0.051914321042230094
395,0.052568340035695306,0.04653588164931044,0.043028969162035524,0.04231080525268841,0.04467486597447562,0.054274924935129046,0.06306129697597088
396,0.04947657129491882,0.04430764740893931,0.03928079004329005,0.044718196913464785,0.04964749520989846,0.04833815891837631,0.05486068177229286
397,0.04853017707034968,0.03717721799363945,0.040130121369477204,0.045462762473930704,0.04974947760572761,0.05600181622534598,0.05784436907486107
398,0.04669683320643925,0.04582318083047656,0.05125110445632799,0.044459342678679056,0.051824392838058876,0.04635733761207832,0.042298938849248444
399,0.05254890469547503,0.05092607401656315,0.04533480353066267,0.047917217621074135,0.04448715728715728,0.04543336443585132,0.040830472488038276
400,0.047853759812409816,0.047752978193565755,0.049022915242652086,0.044229683299156976,0.043666920925502166,0.040680001285264444,0.05124436559312721
401,0.04473475170502984,0.05619129774855647,0.034145770202020205,0.051443364762172816,0.05452784499920371,0.06373296497584542,0.04612991173343341
402,0.04672166225222146,0.0397488683272352,0.044292204696038326,0.04782257442849548,0.041824992788877566,0.058846482147397496,0.05754865288220552
403,0.05254611568415245,0.04504980386572492,0.04205873101216771,0.043800030879143144,0.0407161560150376,0.062323974358974375,0.049011765128352154
404,0.05058033834586466,0.04768201447245565,0.05334593887794352,0.05319422523554877,0.04315433394091289,0.04401144433052327,0.05115381930762736
405,0.04705719254658386,0.04491012223071046,0.04769212160836874,0.04564677111674016,0.0434590811965812,0.05095962460499075,0.058136644360261266
406,0.04559420991446298,0.039587581621277276,0.03910334323249924,0.04323300371292682,0.03488609226021731,0.05120627923111274,0.04734504719279016
407,0.049795168402289154,0.05043170177682056,0.046829491647917755,0.04687130876846267,0.046949895563037636,0.05077765631584282,0.0620069165225899
408,0.0480216485853963,0.04956888243335612,0.04510137769829518,0.04472550957141751,0.04988830019300557,0.048057505506189716,0.04066540898014431
409,0.049789896525236896,0.0503374007936508,0.04510099669851992,0.046382592369379624,0.05084602626475691,0.04815465791770561,0.04554908483852487
410,0.04872285983361181,0.04314298109668534,0.042682820319515355,0.0431769298245614,0.04173180672268907,0.049023209159261796,0.042718276892096556
411,0.048328724371525196,0.05208014217254755,0.04094591282126886,0.04148828692721107,0.04459390650199473,0.047258907587062284,0.05803633999747879
412,0.04803144450102327,0.04492158331993085,0.03935350079744816,0.042822358285419436,0.048042601696549066,0.042938118022328546,0.05021044249953692
413,0.04502039333115397,0.041832397735600726,0.04366543278898828,0.0488718613310382,0.04325088931321517,0.044191059868923646,0.048861894877568264
414,0.04889376482547692,0.04172391227623425,0.034984008475184944,0.04852987225193108,0.05240185857940015,0.053936725014116324,0.04046132995532309
415,0.047952511771853876,0.05366691729906024,0.04585532230366664,0.05456336591983718,0.058785519005847955,0.04960670663400926,0.05163710085083251
416,0.052503592533627366,0.04658824282743401,0.041614860423747894,0.050050501438873865,0.05197343849820631,0.04711912074080031,0.04775342181113483
417,0.04993257582123759,0.04831660353535353,0.03764048993094222,0.0535072269869046,0.04239516989590604,0.051828699466056435,0.047002755496137846
418,0.05063046679782206,0.04581423547679943,0.04466558907489215,0.03908806106174527,0.05549828330853872,0.043155361900741165,0.04572365454537684
419,0.04078242803030303,0.03711347046091164,0.03742456396673502,0.039296036269372184,0.041664354066985654,0.049261605287874814,0.052587573326432026
420,0.05239926274641563,0.05089213466487073,0.04736476208783215,0.04309874538488164,0.059843338972091153,0.05263041383393383,0.04911332252199125
421,0.04318421127168363,0.04787356643565825,0.0321617994625213,0.04205948360205326,0.04580059536095139,0.047679187077542345,0.04614234771711888
422,0.045582595454380356,0.04361862041467305,0.04716300341646957,0.04930936184334354,0.040102371738168954,0.04543732906434885,0.048442207234486646
423,0.04590407457008076,0.055208326302488966,0.04362638245350842,0.053869405167864245,0.041792542691226904,0.0572591214944476,0.04867272805453919
424,0.047828786497295446,0.053500925974356184,0.04902206245579849,0.05076879870129871,0.04907763711403013,0.04559692836291303,0.052626540811699485
425,0.04417256405479812,0.05408682817225774,0.04682980981866431,0.04369836848112104,0.04895575301891091,0.04672031655564938,0.0497040586032624
426,0.04450924103082049,0.041106463032581454,0.03966024052225425,0.041265449608870665,0.046856992100980197,0.05096159064869861,0.05818158973734422
427,0.059069258404162585,0.046790108734402855,0.0528912754547766,0.04512543926661574,0.04539222615361934,0.043073314217751554,0.04986351294903927
428,0.04202369856899605,0.04838407673595754,0.04666423731964182,0.05236469550547492,0.05499708848867888,0.0514829584968172,0.05211230810887561
429,0.04833797558777036,0.046834738835725684,0.04185854712004766,0.04823529264337314,0.04471716086673905,0.04528566404822799,0.04595633728687371
430,0.03939171557831001,0.05399935793137032,0.04366145024437207,0.0361910423704188,0.033327429044983224,0.06251890228943668,0.05195750165082595
431,0.052029671657200426,0.04699734853098025,0.04248485739750446,0.06300971923880849,0.04224698298777246,0.055654903854614454,0.051293418401269386
432,0.04577262191367197,0.04059493925855482,0.03974991831182234,0.04172879548130188,0.0454793309649288,0.03716474786711023,0.04372416433239963
433,0.0480197852063022,0.05708907496012759,0.04482078017012228,0.0403286896458188,0.04333551573947657,0.05152710184552291,0.05397449135121769
434,0.05214191899534933,0.048065824873011406,0.034513366568595404,0.05724854354884247,0.048300499891031926,0.059740897533689295,0.04669634512271728
435,0.051207584889357595,0.044571370929794844,0.037597689195815624,0.048944322851274896,0.03940258419434621,0.044984967458656724,0.03886314871524506
436,0.051744101778656126,0.0450596023257788,0.040972149122807014,0.04986916151787669,0.047964755639097745,0.05665458326633956,0.04489046716321922
437,0.04876976550765234,0.04856955121117273,0.04032987012987013,0.04659620146477564,0.03763442217640124,0.04529589653141612,0.05287806879998376
438,0.04438444355453852,0.040401231856378915,0.038730285272003534,0.050896919674752496,0.047327827470087534,0.05380429359941743,0.05635632832080201
439,0.04298681971184275,0.042945664596273296,0.05302242709045342,0.04067637844611528,0.05095675759042262,0.0565392264956742,0.06323157499363381
440,0.044888884832523256,0.0408711814990621,0.03965706311232627,0.05135631232230774,0.04125653051970389,0.06173342382806394,0.04913863334807607
441,0.05080276817868122,0.04423495669538878,0.04906553708804096,0.048117955060449344,0.043961567143707914,0.051338162362233576,0.05839839655958077
442,0.0458770325102529,0.04783007612274505,0.045808854986415896,0.052312087997254245,0.04473631342072922,0.047430894513273036,0.05249386824905401
443,0.04904029457221486,0.042426079592921696,0.04643889996512439,0.0419145944741533,0.04873613456546894,0.0553265817730601,0.0501054172148188
444,0.046253641924552925,0.05388828320802005,0.0431540513648718,0.04447484563681932,0.04647558946608946,0.0634352684453228,0.05054368495421885
445,0.05075129094778008,0.05366114952041423,0.03966109319742043,0.04625337579591854,0.03933541004918714,0.043282094195420354,0.04662681323188038
446,0.05107003076745573,0.048294463926614954,0.04767180519232865,0.04604282414942262,0.04359453888344049,0.04771562337215588,0.04968013755980861
447,0.051557112857902335,0.053615452317290556,0.04191859577866234,0.05634326254876128,0.04499132944350336,0.05947307852965748,0.05111666778839682
448,0.04865381111535524,0.049881191966246324,0.04303058615790814,0.05252940988096124,0.03743900401069519,0.05816257763975154,0.058840242763772185
449,0.050406940043868975,0.05280093995859213,0.052976358390211364,0.04424632832735757,0.03592001937533906,0.0584937343358396,0.05239593875508737
450,0.045581273520923525,0.05111256559984788,0.043733541049593684,0.05854729759180559,0.0512821250158062,0.05352332480162858,0.04651303613602712
451,0.04860019717073431,0.04213824118523077,0.04171173882790756,0.0456242668279433,0.04010176493192798,0.0454701187111,0.043516798790454406
452,0.048534902310123126,0.05305873854499847,0.03784775734092264,0.04047982115923293,0.053377078132584445,0.05567916603004839,0.04205771740514388
453,0.05036058377636009,0.03652730500493659,0.04159446197451312,0.04841336864889497,0.0368187890468926,0.058280736768391586,0.05133469089390143
454,0.048171810970962826,0.04270284201261117,0.04465172523554877,0.04645441712570196,0.049985773839388056,0.05067659122278687,0.054189029639315676
455,0.04645316810331799,0.050567748917748914,0.053245676309321324,0.04727015128133634,0.04043148401306296,0.043164095845674794,0.05646404375466295
456,0.04637469128626418,0.04891405735187772,0.03800063148066244,0.0437061117467582,0.04863265279761443,0.0505850740982892,0.044667285581280566
457,0.05015000238349045,0.047459662970832886,0.049639839494011316,0.04789295481350435,0.050955066875755226,0.054122274436090224,0.04608748779450758
458,0.05220054346226529,0.04667324749373433,0.045502079474047434,0.043432336523126,0.05048521846034718,0.054768234898841306,0.061051162112442235
459,0.05351891952614381,0.0464362644761462,0.0457444737545736,0.04651501901988172,0.042904938523845845,0.0485173813289618,0.04815969253400688
460,0.055639050967414935,0.04534438775369798,0.04030601586286688,0.049736585682119736,0.041985994955337065,0.05185613856387851,0.05555405844155844
461,0.05250896232016141,0.0422697721576669,0.036079618269886135,0.04658012629399586,0.04526685463659148,0.04706639606262032,0.051798379341751265
462,0.04667949443843193,0.03430907790309107,0.04056095588235295,0.04703102632773517,0.04760619192909811,0.055896305938643406,0.04262048599760271
463,0.049750126727804364,0.05321231934001671,0.050813649319376875,0.040549051150603775,0.054632402429871475,0.04630519056107292,0.043617531865933236
464,0.05327320973712278,0.044481065390166885,0.04587733113153728,0.047786837606837614,0.04445454098704872,0.05063229391437596,0.04906994794710757
465,0.04726830203225456,0.04454835448304555,0.049883544937287035,0.054805531285393984,0.04073416352048066,0.05866344358144062,0.054270005658545915
466,0.042219483457718754,0.05251387755122453,0.046748286938379825,0.04379552343425409,0.03851790153860588,0.04438465637374845,0.04571217124808456
467,0.05110721319713425,0.054999108690699086,0.0427741477691555,0.04649142335004177,0.046259304283435866,0.04320552833781734,0.04480373611895351
468,0.04878539062935115,0.04449795784916838,0.03843797805788982,0.05345385860484545,0.04675930807410683,0.05328573991797676,0.051615009881422924
469,0.04968289644565961,0.047849040138224344,0.037968859649122805,0.045733305026885586,0.04694655980861244,0.04680988142292491,0.04955861962217798
470,0.04449542896825397,0.04745045807453417,0.05012399961504821,0.04615285671747376,0.040498663509692924,0.04634154271548436,0.05470334185265535
471,0.0648401011673739,0.0484042813040895,0.045058479566155565,0.0543946405874603,0.047630400276052455,0.05863810733529943,0.046058216341248376
472,0.047181138652111564,0.04337707399626517,0.04629581749557184,0.05570978933347355,0.0480130791405391,0.04920594562386359,0.04755168209506949
473,0.046635646646724975,0.045366143212017485,0.047525917065390756,0.053514040783777625,0.03798285586962058,0.04989870272271588,0.05051046232375482
474,0.04348772705768604,0.04829933806023624,0.04370085284512529,0.04809347896255791,0.04342436741363212,0.04180729442126501,0.05401853378651232
475,0.05529149234240712,0.06349841803707129,0.04702834485904532,0.0461644622483901,0.042048387512899896,0.05071702402172991,0.04720776220611747
476,0.048321889742472125,0.04143919870978695,0.043172416837548425,0.04941146634168542,0.044241179843548264,0.04938426757066463,0.05419573398251888
477,0.05236560011107314,0.04202855054302423,0.03939332620767605,0.04905053973803974,0.048825363590134764,0.05794545314207785,0.05620552528826524
478,0.0431733347200257,0.05188151703369095,0.04175890331890332,0.04794319925598699,0.04168195963393332,0.060570773772375595,0.054640815663169785
479,0.05053002651556428,0.040216005276113645,0.04459570438778104,0.04680590014809751,0.05461129459897127,0.05593301229027774,0.048239596073517126
480,0.054647195260053974,0.04495039891395155,0.042651776580197295,0.04301645915144367,0.05245698412698413,0.03996144003055767,0.04080811276235542
481,0.04706159267363071,0.05392536229159857,0.05515286398794793,0.054500623746065936,0.039014632777708225,0.05515318141367912,0.04471678142306087
482,0.047730560064935076,0.045285450483917314,0.037999948801030706,0.04557652233544413,0.04293832909007058,0.050431313131313125,0.045057014334060376
483,0.04958331399489967,0.05273716594293219,0.04362698650034176,0.044339331092883724,0.04224922056395168,0.05020983427262452,0.05352224174566852
484,0.04456354582148719,0.052674121200436984,0.04483524536608902,0.0487385432330827,0.05206339790653103,0.04659060784416822,0.05072278121775027
485,0.0571804005727525,0.043263199067332364,0.040200329919000403,0.04090020237760176,0.04622300438596492,0.0540550343249428,0.04885445574162679
486,0.04452304512186263,0.042890497411085644,0.04394404599229609,0.04020382693709203,0.04266395634808948,0.0523268875732111,0.05043241522924959
487,0.0465575738611234,0.05276719566878135,0.04823852495543672,0.041791626216397385,0.051729419514841515,0.049821552998010804,0.04861288254057604
488,0.04699637296610396,0.045283349518297024,0.0369330538756311,0.041039964045758166,0.03825594279796646,0.05553576186455443,0.04814302340074786
489,0.04873232450120188,0.04012696147810886,0.04521964158317789,0.04344766135287067,0.044292573205667665,0.05024081661251284,0.05633725990555712
490,0.04676580213542907,0.052244601864461206,0.048353001138046234,0.04946544712940999,0.048656960002380394,0.051420089997721574,0.05639808590102709
491,0.048709876712532324,0.03937382293115568,0.044129710929167454,0.04377255694820054,0.04410517771701983,0.05331350544170238,0.05547451195390437
492,0.053731450026581605,0.04962554981287987,0.048796446608946616,0.045779132934638395,0.0486937259553611,0.05277026515151516,0.04648977617744275
493,0.049746659089258065,0.05095813288161114,0.03820150889701974,0.046339208658278355,0.044170619448752446,0.053211779448621564,0.054131170255183415
494,0.050110987967914446,0.05019263297515216,0.03725128480835507,0.04376626794258373,0.052403642214114685,0.04201662014885699,0.04714721954415217
495,0.05122864026711164,0.05384809677355444,0.043698464618494234,0.04646287553219055,0.046217467912204754,0.04716237056802847,0.051344925409557776
496,0.0459872807682084,0.04517841172449842,0.03672215510366826,0.05473496988209159,0.045760384238467594,0.04971502250768555,0.05933406968848146
497,0.048556219532740634,0.0551387302648332,0.037707740076475774,0.04342990988835726,0.04342801277053364,0.04754386815193452,0.05289845465524814
498,0.04614003092208939,0.05121625354947471,0.044191249863789916,0.04274103237448827,0.03590236822001528,0.05603025892834077,0.04257211779448621
499,0.0525369374395067,0.05243186243917164,0.038863864093068065,0.04103634133918459,0.043082200841122804,0.048781709337573184,0.0490219350459482
