,"('distance',)","('1mer',)","('2mer',)","('distance', '1mer')","('distance', '2mer')","('1mer', '2mer')","('distance', '1mer', '2mer')"
0,0.04657739612511672,0.026044091110128266,0.04634439220581098,0.04251892270638232,0.04965396889058655,0.048911346300533946,0.05362590261886602
1,0.039737214703425235,0.040237525879917184,0.038821618891551765,0.05495529581529581,0.04802201419226591,0.03890703652343678,0.04518659171299753
2,0.046724474365503775,0.03833850144863438,0.049203971939653056,0.05405895617667358,0.04524823489204294,0.04087967316017317,0.044673881327893475
3,0.04552341745145693,0.028939776606953717,0.03717126216810141,0.04158351230640704,0.04171148208329861,0.04083159861770795,0.04858504449626741
4,0.04877989972124116,0.02630183580609277,0.040722751514966994,0.05155665655749854,0.04558900197510794,0.040945762936268046,0.04535768427222148
5,0.05065900951711557,0.031623933509833446,0.045226788562314886,0.04854169849758085,0.04606740112312868,0.055015045123958176,0.04406627143038756
6,0.048677979190011766,0.02203597876030657,0.056477421584263686,0.044552128873878105,0.05001309108623686,0.054023004559323205,0.04716725581779761
7,0.04702389085719349,0.026148927480291056,0.046906016042780746,0.059000932892566214,0.0554314231090547,0.04468005430242273,0.040121386800334176
8,0.053569731801931295,0.029982323562918002,0.03721070644331513,0.04570716370869824,0.03940125810535018,0.04418263681902967,0.0608492575748835
9,0.04221740833143465,0.026065061162263946,0.0553389411027569,0.05033516556542872,0.052241070713529146,0.04369233409610985,0.038974336489328416
10,0.044848838154102226,0.031541453689966276,0.037483643578643575,0.044122497490432275,0.04607768243071447,0.04524560072364707,0.05377314205309057
11,0.050688138792633765,0.03019638809299464,0.048012125858702945,0.04773210470244223,0.044935413938822874,0.04569823643624289,0.04842567760756615
12,0.04546683342981408,0.027987008110934554,0.04584071545284781,0.05063328679894537,0.040107665986441735,0.03890874003092673,0.04374119721710515
13,0.05666142932904154,0.030374025771823188,0.04296401835927866,0.04723329741349421,0.0452237411711096,0.047706305497720904,0.051671211101457434
14,0.047039334290543064,0.0331503073749436,0.042467806942761845,0.047598899013838944,0.0453962669100541,0.04315249905323435,0.04988211182260853
15,0.05376750997368644,0.028821522301452303,0.0449521433689626,0.04875696182737709,0.04869554259617307,0.060514194460080696,0.054198392607773614
16,0.05157088504108738,0.038155589022533534,0.04484413476315566,0.04695297769437155,0.04751116460938442,0.0410713732594487,0.04518539178829427
17,0.050362304135263894,0.023400345725246623,0.029977514644648512,0.056885430317054356,0.037871892297588895,0.04620536122915985,0.03991698451402399
18,0.048644082166394056,0.034031119465329995,0.04812457852858916,0.04516701990070697,0.05182800912855261,0.046716544634808364,0.03751255003596335
19,0.0480042989988696,0.024598824140665672,0.03679277739804056,0.05641888208372594,0.04648838648294766,0.034175750010148984,0.04308134862848822
20,0.05133041141774893,0.028910180754917598,0.040169465944272446,0.05432711907030019,0.05131006493506494,0.047956623858238956,0.0463402904427201
21,0.04250571298290483,0.023130364902928843,0.042054834394752286,0.04334876509455458,0.04802846275634,0.050741757679772556,0.03817487287058226
22,0.05155768059036481,0.03280481493394806,0.035776573362511915,0.04705212810104972,0.05905751951082076,0.046865567838937805,0.05578807014708718
23,0.049778495365972474,0.032346946689361555,0.03846673477171189,0.05034178019158568,0.05161319966583124,0.05883205513784462,0.05251386426788315
24,0.05087624638792206,0.0347860443241922,0.05000553258145364,0.04412319183654323,0.04175349747887506,0.04484353510588064,0.049861486268775276
25,0.03945814282146764,0.031184055291973246,0.0356005247948982,0.0508200407144343,0.047963975279106855,0.03095724806669079,0.06670975400457665
26,0.049622328425108345,0.0323178058783322,0.046704133167725176,0.05181923408362027,0.04797259602811377,0.0535748499394557,0.05945927884987988
27,0.052781647143705965,0.03403563480151787,0.04784223349469513,0.04491358297705047,0.04966755391151676,0.037537709395294536,0.038740428723323464
28,0.04492930316321107,0.03647437374416089,0.04522640692640693,0.05696863498343761,0.04405111680619824,0.03815714665451508,0.05050115810917668
29,0.05095820060370175,0.020454020960717686,0.04027816737262827,0.056586675020885546,0.04618505855795617,0.03442913405151257,0.04667806296431616
30,0.045521517003875266,0.033020522138680036,0.059976011132904725,0.052435543151939365,0.042960513313917204,0.03912815941368573,0.05916839502430834
31,0.04885787175138935,0.039809916173008275,0.03842593728639781,0.04564763467050366,0.04783943629469945,0.04496485400564348,0.04794869493251846
32,0.05677127736861336,0.034472570008848784,0.04765437907185619,0.04847943321374039,0.044652060982495766,0.03827603288524341,0.049768468587767956
33,0.04858876977542283,0.03480079993248252,0.04670863998230871,0.05287546536796537,0.05807631570279452,0.05802232000455685,0.042520025981407056
34,0.04629906067251462,0.03547055647503437,0.0484179419026816,0.05142086247816511,0.042421660983233876,0.048649680629248716,0.049144929065863915
35,0.04750445883110553,0.039149714167616985,0.03676363965598721,0.04052022278547046,0.04544212022441596,0.034171634009265595,0.054665642465120026
36,0.04835019647603859,0.0382381425786689,0.04739635240060937,0.04636105149236728,0.050006750387555345,0.05081438260069301,0.046697985643893505
37,0.052475798391179974,0.03173457625040863,0.05294882867334577,0.046189505883207596,0.0523862314761561,0.04357221585118341,0.06369127055136277
38,0.04919096645021646,0.025128655730234678,0.05209759760363476,0.05095635714732464,0.0446898241811807,0.036554496047430836,0.05345035885167464
39,0.0524996849353291,0.0317994369363306,0.04523220150760533,0.050780227082858655,0.04207895108324171,0.03675970960154397,0.05650962889767238
40,0.05102160247208931,0.028810310700169393,0.04786765838006164,0.051922837301587296,0.058546004731030485,0.0405663543328017,0.055617609766394606
41,0.043306798157478094,0.030818112779818264,0.042791890794179124,0.05007836335126936,0.049165390043056964,0.03951227106227107,0.05241839042599912
42,0.04963979204725368,0.03610449404761905,0.05564731611884325,0.04874589371980677,0.055329877450980405,0.04637777511961723,0.03926031508695983
43,0.04370391879393969,0.02090821501629568,0.0584766145436054,0.04910057625681852,0.047621955808639246,0.04124260708589656,0.048710705741626795
44,0.04834495071010861,0.03174434386773918,0.05606952980276779,0.04468572602964631,0.05677306602066664,0.03932932079287578,0.046737166836431546
45,0.043717662419938734,0.024642853015278646,0.03524764462160983,0.04531156460670392,0.04952584741250359,0.036160074345943906,0.04107653245596778
46,0.04458745515322833,0.023612211861029,0.05192990628745777,0.04532352437417655,0.04787975509182939,0.04503510727767021,0.04521940836940837
47,0.04489302807486632,0.033521315149747585,0.03974742346492667,0.04984216720597122,0.04539260184969904,0.04434081035923141,0.04085417096663227
48,0.05441382578547334,0.028567489136213393,0.048542165388962596,0.04294796662782933,0.05727418518444061,0.04201869769119769,0.04853132604237868
49,0.04321922869339123,0.03491436197858243,0.04273676615781879,0.06454263431931959,0.049841693722943725,0.05103064479380268,0.050949665996347926
50,0.05435012681902385,0.0299639278476941,0.04338924357170925,0.0470530319364588,0.04797491549632821,0.04847530393424272,0.04380774146771253
51,0.04416792097778483,0.029328245564892625,0.04351970628659416,0.05385215359953009,0.05483069391198682,0.048370493427244,0.04911120297279857
52,0.047031641394741794,0.028428814650262025,0.04869829770407573,0.04731771182781413,0.056469411783158584,0.05175318515277964,0.04663122564243089
53,0.04322853375072783,0.030416511825415278,0.03708282299952781,0.05954683908318777,0.04164828005709013,0.036006055669105766,0.04901707064977021
54,0.054251150658509016,0.031593654685957324,0.050530677071466544,0.05179633519215563,0.05193360645202751,0.048404057017543856,0.027854505414606035
55,0.05002712766206961,0.030502187844834903,0.056811162096417525,0.05542873770394365,0.044081149844307735,0.02886434837092732,0.052933744789781946
56,0.050131635213692995,0.03747397973543484,0.0513584519380875,0.04250679671428241,0.059963107713094266,0.041677497889107795,0.04257581362827358
57,0.04910781658692186,0.03033055308507842,0.05288728908073874,0.047901256765101166,0.05226490848332954,0.04444063813723256,0.045753378588103986
58,0.04466617874901156,0.03674207829846452,0.045445157227477356,0.0471503972073678,0.045755924426450746,0.049235497439250306,0.04249428676608984
59,0.04548980604511065,0.03238728832951945,0.05626965983363043,0.054311794447756225,0.05552269404572037,0.052996122072017225,0.05116722671715521
60,0.04709638344799989,0.027538299916457815,0.046353621988980055,0.04908926613135374,0.056313864577451536,0.03907249159244758,0.04915714463612919
61,0.052006388428801474,0.026151530899441118,0.037739263363448156,0.04662676664001708,0.04977637435107182,0.05662429888951628,0.05370192258721671
62,0.043880818220568864,0.025669265358525355,0.040562784839336195,0.058499961180124224,0.04982272300068353,0.038456584978489,0.05735371134283673
63,0.0505533599439776,0.02269781948088854,0.05104448232323232,0.05042155434039645,0.06078235966305947,0.03622312358339078,0.05439155089343136
64,0.048260669541500816,0.0344354644968035,0.05065679191293743,0.04566219649915302,0.050050795549479755,0.04462278046386019,0.047833654832850556
65,0.05212779218818621,0.0365100523872263,0.04793269269187462,0.050151102851826536,0.040636741309796234,0.03508041678636643,0.05326802232854864
66,0.04674575017088175,0.03273932342879597,0.04433382936507936,0.04990280910609858,0.05052402724726255,0.04919236329022976,0.04716430363404637
67,0.04740374090752729,0.03454279406021302,0.04758805251765778,0.05297344351168267,0.04771814557391503,0.040306741491409684,0.046112591922910104
68,0.05122173778857022,0.04259462602366375,0.05157046471750757,0.04245589931350115,0.043267554302422725,0.04936174069065946,0.04392452599859721
69,0.04734831845579228,0.029821626984126985,0.04979389502247054,0.043115729970512585,0.05990667388167389,0.03319590940460505,0.05344926854695834
70,0.04867175106059344,0.028530136858363066,0.04583454979870043,0.04641145733404658,0.05170351077501939,0.03885010653765701,0.04633106113657585
71,0.048852560532298354,0.0276972578885309,0.04827093022216861,0.0517583931171803,0.05388914473684211,0.04249504025311671,0.051018667675204056
72,0.05335941097498993,0.03666586152882205,0.039633433184313185,0.04561739649198561,0.046174954431533376,0.03400785842483447,0.05654878481661024
73,0.05440246643597631,0.028431024113410704,0.0383083461881256,0.05614998611914403,0.05305146017216955,0.051338795047663345,0.04254805574542417
74,0.05168073258569776,0.02592978007895098,0.04655477588899786,0.0521851743826648,0.04155236962946195,0.03886999817973789,0.04452860248738564
75,0.05188619462874082,0.02529414123009997,0.053969592342866,0.054538475635729645,0.06064581467604352,0.04874884603224134,0.05467020185267089
76,0.04821267811674425,0.02789853995784917,0.05049518497330283,0.049559148483954985,0.05354505776376149,0.04463671791692253,0.05420119182391022
77,0.049382435380768905,0.033562058639973566,0.045993261613257744,0.04491963300048541,0.052377263502134785,0.04610996392496393,0.049125399122807015
78,0.05439440671755145,0.03013880023056654,0.05563626319052688,0.04409151158213094,0.050103915104503335,0.033508711171869064,0.04294722848623535
79,0.055363997372140726,0.0346618671679198,0.05125194425457583,0.04711052017298147,0.04327445507708666,0.0468936219224532,0.0419398090706014
80,0.04811528241662567,0.03278176292713882,0.04679201077560211,0.04861396480841141,0.0462122166210982,0.03467639419404125,0.04894508183968408
81,0.05557846787311416,0.034970584477498096,0.039888286156567886,0.047222946827853954,0.053074423525391025,0.06264900203407069,0.04361117178651504
82,0.05210364501829441,0.024929487362520077,0.05565688083845979,0.05166775918085146,0.04150740397188624,0.040286811536902396,0.051426416048355406
83,0.051532852358168145,0.0337716929617697,0.050937786063041814,0.06250203608591345,0.04433261746068651,0.03772734208515942,0.053850329934345284
84,0.0502967656769559,0.026525915470494422,0.05072178676754663,0.04837202126305067,0.059285248075722906,0.04686876386866375,0.047834231310485184
85,0.04397057442179424,0.027102522667301444,0.04059123510648279,0.05006622253436428,0.0578558462779051,0.05046158251942341,0.05466226813691984
86,0.052898728798280295,0.032711901624945104,0.03893414786967418,0.04873622294372294,0.05171120329232172,0.04495724880382775,0.05512033269933727
87,0.04782820081770082,0.024174374514374514,0.05413111996063942,0.04719551720209615,0.05816673864435171,0.04815822981366459,0.04651945675798231
88,0.04816620410791256,0.030026756298397166,0.03661145192526772,0.05296746429892254,0.05088441558441559,0.04346082251082252,0.04054457545378598
89,0.04097589702084981,0.037921397243107766,0.05024287032412032,0.052727387143748694,0.04360263045721721,0.03905604121111088,0.0465653997292697
90,0.04790196252265556,0.024267316740467774,0.053500686003546405,0.04645518610251118,0.052693300671804666,0.060919987468671666,0.042870625048438346
91,0.055421075770492656,0.030553216721471203,0.044766567575646864,0.04491308063302292,0.051618186296604494,0.03590666259437158,0.05694179197994988
92,0.04896924237429873,0.03272173644338118,0.040701777170198225,0.05317252019755271,0.04465528742805631,0.0469907047029338,0.053478531500319434
93,0.04392603838854382,0.03480766218906951,0.0464878416396723,0.05084800178493677,0.049534996582365,0.03959534595959596,0.064485670419024
94,0.054765034105149234,0.03853812690293509,0.043512844202898554,0.048942951598363496,0.04885205150886266,0.03765096414892148,0.04261010034968844
95,0.05454891653565247,0.03602447686584515,0.04958421312669025,0.043427720377448645,0.0441901697177727,0.05060072818982667,0.0373786538053263
96,0.061477586036703016,0.03309960269864295,0.046477060618297664,0.044546759670479386,0.04567479510700335,0.05167872142477405,0.050398514811062764
97,0.055261011246413125,0.0341085049580473,0.04366083366985239,0.05053696468972204,0.04757311924700537,0.043685409831396675,0.045856281144036566
98,0.0565237461246894,0.026452101449275366,0.04844099432988752,0.05808899301393581,0.0576131051894442,0.04142203019585895,0.042380781367437545
99,0.04458679314247022,0.02413607804940158,0.045953912812333866,0.048866085544889894,0.05382972177013098,0.044642193431148204,0.04599199024332706
100,0.04747845936776117,0.03484294989925796,0.04716411359426234,0.04729696684894054,0.0505799370743374,0.052047077553023846,0.046248008154444076
101,0.051693580696801286,0.03160424433778782,0.04648927415463794,0.0463372108048545,0.060343230994637655,0.038468101258047074,0.05247004710975299
102,0.043396181323034265,0.03077587844611529,0.048399037935748464,0.04415701345755693,0.05214693635827537,0.04368885016127663,0.051308384625245985
103,0.05553489437939381,0.02995171746234726,0.046764317042606515,0.04978603100331042,0.05336278986041404,0.03895574357088373,0.04809092437188454
104,0.048061882394637816,0.03715022583195958,0.05740678258145364,0.04419693362193362,0.04332645641170275,0.035987428489702517,0.048552723665223674
105,0.0530007671165177,0.032380119238313174,0.043460942672887755,0.04859002754211732,0.04843245960751681,0.03556126373626374,0.04271286330945941
106,0.04382951958020051,0.03625377864356445,0.0519240040274483,0.052347457358229335,0.051997606970324364,0.047925341146641466,0.05456894390954762
107,0.046554874573586744,0.03631737765857331,0.04824634684537431,0.05775916935340379,0.06132542285750024,0.045367909356725154,0.04963979860718991
108,0.04998552719147113,0.0280940450937951,0.04295658084605453,0.04263342482460332,0.04853033263305322,0.0442167358643062,0.05099585529205095
109,0.050732240394639236,0.03120119019267626,0.055221671479423196,0.042351863474222644,0.05131483291562239,0.04506454114826709,0.05206577292379403
110,0.0452014860344334,0.029894916012817147,0.036479376750700274,0.05105374079962753,0.042455313936635444,0.04792605982424868,0.04903426307864523
111,0.04761367995169082,0.022108425470791605,0.047734516648175115,0.05754626702846518,0.051251241041455065,0.0393752226209463,0.04974304653679654
112,0.04100444735367832,0.040032458331269546,0.055455942887521835,0.05620819501405028,0.04342141243988061,0.048240733082706766,0.051152711323763964
113,0.046470180938279204,0.02714501397725082,0.055697128470832205,0.047467796664120196,0.051852307223874225,0.045131757563471965,0.05933622073231206
114,0.05702033831862265,0.029032112283926124,0.05176446922642575,0.04995686304218658,0.052649121102327626,0.04325574575680074,0.05962959845629536
115,0.05420931577213787,0.03461990065355593,0.042595695615462746,0.040882816907464745,0.04401991108418959,0.05766103057088586,0.04781014847725375
116,0.04546739830345094,0.03448653674147004,0.051276437863821765,0.04891995976436481,0.04494963200573899,0.04776792538411246,0.05097548960097874
117,0.04831012622614171,0.033401630533358886,0.04376535682090603,0.051437825088568125,0.04415084446856893,0.038269893739619136,0.04455796498822815
118,0.0545810723683644,0.026243088345864668,0.050490188298480065,0.05365975297268204,0.048655240534637,0.040972781786926524,0.051348309742037024
119,0.051691685209950655,0.02960172778023491,0.04644334521687464,0.05941027464494569,0.04414524404259311,0.042821573319131875,0.050610442773600675
120,0.05075740928178289,0.02899274723642371,0.04499174704014521,0.04600409451659452,0.047759656159114365,0.052878401663695784,0.05225612580237697
121,0.0471655837279784,0.028198572411420715,0.04665775560224089,0.04232328818636532,0.053885424857482,0.040458169844431444,0.04612836808948668
122,0.05251257998465505,0.03274294562162983,0.04265137163561077,0.05292752117302091,0.0463437873028506,0.045915770107085904,0.044304292252370064
123,0.04400211494144569,0.03762723035306627,0.04617972258593473,0.04914937960309982,0.050951582080200494,0.028350533280713998,0.051272165591845234
124,0.04798533431404599,0.036112170577960054,0.046679357629085885,0.04746674255826733,0.047038288904078386,0.049067419114514954,0.03824015151515152
125,0.04868219650800304,0.03343947454080446,0.04409140445374461,0.04495411979437084,0.049880903964456595,0.038215211993888464,0.042387998843262
126,0.04784264555808828,0.02998585858585858,0.04437614859826463,0.049931965397004105,0.04978590107927923,0.03909491943986527,0.04754513564121301
127,0.046470049091573394,0.028065046584822128,0.04129700381140598,0.04450166274085392,0.046047230865110124,0.040506269502808404,0.04174737905068787
128,0.04826438300033972,0.04103429148682565,0.045428472944548465,0.046033861639392604,0.044798251879699255,0.039506660618792974,0.056551678550207964
129,0.04320565123332693,0.035948460621250095,0.04558016385078406,0.053793660077667435,0.04719959267719986,0.04601948397013615,0.04886859441092851
130,0.05108945990449609,0.02686097433190044,0.05097140690406945,0.047249893785265305,0.0497298478482302,0.04205406694194216,0.048583688365783875
131,0.04420725563709062,0.03474594580256345,0.04719037347155768,0.047264279624893435,0.05531231822872691,0.03919939267063981,0.04957778894166363
132,0.04796015145673041,0.028748166141930043,0.05297354065577413,0.04780381378347053,0.060314075043893155,0.034794434408358735,0.03906027711323764
133,0.050837427266870974,0.024479125308815713,0.04804984620642515,0.04302974492827434,0.051161335156072005,0.044334529338051015,0.05080415203794949
134,0.04865104779614129,0.032217000270261135,0.047034048134303896,0.05375257471888277,0.04848387121993934,0.042429036606668184,0.04762824247707543
135,0.053747419243586766,0.03530499968630403,0.04838947619474945,0.05014763857106534,0.056188307416267944,0.038704124281291476,0.04032088269917218
136,0.050986522664414016,0.029602979524258215,0.05568181231822872,0.041785104205332366,0.05045690457203615,0.04524168018327225,0.05257638626423457
137,0.055594376316697544,0.027765779484944242,0.043255650154798764,0.05528683041596085,0.050988289038103284,0.03946431989007538,0.040169568534507635
138,0.054075231911299995,0.03756717701115535,0.028882825624667728,0.05080208726375927,0.04738715773390696,0.042394271457629584,0.04455629848737434
139,0.042477389862123335,0.03142247284878864,0.043064042973822214,0.048552920064933794,0.049661446433160325,0.0411942921865716,0.039942130001921025
140,0.0557441205902651,0.031684983633422856,0.045048972602008006,0.04968678889737714,0.0491328273956417,0.0491130552005838,0.04777478734715576
141,0.042879906839940626,0.03295157145314266,0.03703106566234427,0.046784990829346104,0.050673114314175524,0.04590144366979322,0.04854139606015497
142,0.0489419898076126,0.035739726418318525,0.05024437821987543,0.038406678002872376,0.04839293234199581,0.05044539948355738,0.04916794358891882
143,0.0489022293417367,0.03492241936426745,0.03352929470415168,0.040029542950513544,0.04808087486502819,0.043767994776962166,0.04348146509321432
144,0.04448723911683806,0.027846770435446904,0.0437517410854502,0.05128193096377307,0.05982480643599233,0.03563347283577463,0.05010008989865968
145,0.04749211910588265,0.03164206525818149,0.03860742834475167,0.043483414329048994,0.05066595528579645,0.04465238003095976,0.06694224386724387
146,0.05071393246679436,0.025778370000312727,0.043353864734299516,0.05091962202400284,0.050018728639781275,0.04229425508449688,0.045376259638225995
147,0.047459387654012655,0.028831470317757502,0.047239552647215174,0.052116154021417185,0.046102084735496034,0.0392460258229566,0.053426210914988004
148,0.04825868084093633,0.024556355021718834,0.04693574807918932,0.04791952098917371,0.050354075748812586,0.03340019490141781,0.0455895927172243
149,0.05960904568486434,0.026600715953256,0.051684020327498595,0.0492554059473453,0.05156071675400623,0.03730386430090378,0.04036936001305196
150,0.051583109442986684,0.0313773237063732,0.04460975073553449,0.052110332021443204,0.0602686896268805,0.0511197387385128,0.041700776211774496
151,0.04530154434505236,0.028418046638655457,0.04849234962406016,0.04839500835421888,0.04971479554166912,0.04188404476798348,0.04025640052671786
152,0.04609492418641301,0.03052609585752337,0.0446929292929293,0.049798070124320123,0.047609331232493,0.040099998101313886,0.050114106659930456
153,0.046513577917124835,0.028344202898550726,0.04680575731887651,0.049119466311384134,0.04750431614570799,0.034837247865653446,0.048272534990696926
154,0.05355055270759519,0.027557028386474208,0.052478194494460985,0.057881818086883884,0.060936029132546164,0.04363681989627609,0.04324640071512968
155,0.04939577311840208,0.020706229199077497,0.0427296722785224,0.045191418431667796,0.048999330709504525,0.047848044375644994,0.05076294628616997
156,0.04110249694635673,0.03361968224443928,0.04348284960177122,0.04730377614432501,0.04790536872484241,0.04362229152426521,0.04401317498291183
157,0.048913911318150455,0.03340764959189417,0.039760964912280705,0.04127482457791382,0.05106883675693744,0.050208232130636896,0.05106500877863107
158,0.0370275904210169,0.026589859362717422,0.0566538298086353,0.05526268494222458,0.0524991341991342,0.039132223076630966,0.06352653105483233
159,0.043780684686848884,0.02975430402930403,0.04561211514458083,0.0516254484191083,0.048096748796009635,0.0474744668946614,0.04514118163491733
160,0.05409784168894831,0.03235535353263418,0.050926556247629075,0.04866838465885679,0.04398887252425414,0.043195555566724296,0.04353106725146199
161,0.04282533458646616,0.02128318331561874,0.041786789835551445,0.05288093603574153,0.04838600812802758,0.03956525618022329,0.045357895876053766
162,0.04603288401120799,0.02574347338935575,0.04375847910216718,0.052069036580894165,0.04663173767339958,0.03645792152239857,0.0397318137658695
163,0.046663714535845544,0.02671910537940993,0.03561247817967767,0.049543995840760545,0.04604205218929677,0.057043540554284254,0.04520181876793432
164,0.04344206942489915,0.028836789682539686,0.0465213765809354,0.050009203963465976,0.03874879643060758,0.040776879946902836,0.05674411209182376
165,0.04617046373592083,0.02789049834731757,0.05846657028935977,0.04926722481555551,0.05393769620444392,0.040610773841573244,0.04845703105196728
166,0.04291126614494074,0.04806665927635877,0.041176778656126484,0.05092982207495021,0.050302033926218716,0.04116799692165196,0.060782722410439805
167,0.047495019841269845,0.04199302296516694,0.04484303467000836,0.04624552825814537,0.04372893643276602,0.042856685851651526,0.053803876138556105
168,0.05002660513024987,0.031222614357718677,0.05172011472920075,0.04779899068322981,0.04071365986266915,0.04308109020152684,0.047411539206071454
169,0.05303393353666271,0.02673665945165945,0.04445425207961973,0.04368574945887447,0.04913486289252543,0.04463625457359978,0.03892421112384348
170,0.048752288154097365,0.02224478485790843,0.05063781174965386,0.048733189668544764,0.05022497449156489,0.04115621516641253,0.04145755442285089
171,0.0639417877219399,0.03623580054978896,0.033140772898841785,0.05003871753246754,0.04868682790639312,0.0378933384262796,0.040695211707871555
172,0.050866346927925875,0.02951456935817805,0.043575500767292566,0.042851645462810325,0.050904198202580395,0.04496568233082707,0.03908349206349206
173,0.0590987350283016,0.02583657739603392,0.045161448659780126,0.04379797619047619,0.049938573930369594,0.03458378805044658,0.0436054611578353
174,0.051918006246677306,0.03158609245707853,0.042844900318979265,0.04566913356251591,0.0480692414112861,0.035986348979537834,0.04703272583632996
175,0.05265097077179113,0.03519554336608785,0.0431563774074223,0.0479757696007696,0.053228829858689194,0.05363919544414396,0.041349093866379506
176,0.049302451058913274,0.029650613422555074,0.04397923820245801,0.051414391357229396,0.04335492424242424,0.041700698298874364,0.051287246173831846
177,0.044555261860475426,0.020476644674928428,0.04457750626566417,0.04043486542443064,0.04954445203918888,0.0493430026618511,0.0434815055250309
178,0.05003664872779776,0.028370136591478697,0.0436678685349738,0.04689674796442396,0.05565658816158042,0.04551762811152743,0.04165077153668485
179,0.045030690544659725,0.03360812582592845,0.0481353483977323,0.05810618876737299,0.053713447254499905,0.04809150105122141,0.04585147670566149
180,0.051223144541607646,0.02999496360333031,0.04842859950824515,0.04907536742368398,0.06137057436857275,0.03215482773721096,0.05502722305764411
181,0.046138713601895934,0.034034862121882246,0.028504186937933072,0.046322902701417576,0.057323221343873534,0.03297893064735776,0.044985007974481656
182,0.05459667194657768,0.027705010185892543,0.03740974038405321,0.05151153907496013,0.06037213141549526,0.04363700918964077,0.05052933403269081
183,0.05012057182461259,0.0366387288372252,0.0425338836675021,0.04461397727272727,0.05215871862579023,0.04342002926768794,0.05069440405827402
184,0.044032736531986534,0.026239091439004752,0.04631007434594392,0.045118133401686036,0.056278006755194974,0.041717902711323765,0.0454083038740772
185,0.05200608246544116,0.03569569686906661,0.04977435999672841,0.04399491299744361,0.04588335339177731,0.043328185582533416,0.043346077571379434
186,0.04595523430345025,0.039195376007954676,0.04508601012868915,0.04512183116883117,0.0554494578134284,0.051769720736779566,0.05292769979762239
187,0.04317256157078216,0.03197463766367791,0.04990461671111827,0.05183694981724428,0.04612702044967491,0.03592315945447592,0.05132995112558579
188,0.05427670513640239,0.02888759193379869,0.04941818658553499,0.05174615427606449,0.04959338596821434,0.03972421806667331,0.045552736636988896
189,0.06758119908760607,0.02831410103355537,0.06314305023923446,0.051887930054831735,0.04661330876433508,0.045226001144164765,0.039984975249388294
190,0.04898233450292398,0.025200311563221778,0.04009594535581378,0.05147929188914315,0.05018099185274276,0.04699005880084827,0.05070676974347051
191,0.051281365072599096,0.03226956066316687,0.05353890160183067,0.04508399597478545,0.0440667440223437,0.03208889279794853,0.04664122807017544
192,0.049310921047290006,0.04604865787205571,0.05070989851474187,0.05355506538084341,0.03853719651857691,0.041660905598977685,0.04184442996693485
193,0.05600330342249397,0.03189642328861369,0.03172906989607437,0.04963251316284783,0.047719792623527144,0.04348856916045771,0.05066455673108992
194,0.05432104420791963,0.035675632589916476,0.048768733952703196,0.05042613780828884,0.04411438254727729,0.03284258288323304,0.04753036568694464
195,0.053632900481605864,0.034162820657248405,0.04523970057720057,0.049546016268826376,0.051381290726817054,0.046210057362657986,0.04605353457172342
196,0.050008535929016926,0.03558810334110334,0.03803196169772256,0.0450154980520743,0.04450532977943969,0.04855870518688025,0.052783765061048336
197,0.04808884532376583,0.021752619085592773,0.04340951910408432,0.047754442255371045,0.04500635221260221,0.045792758443957304,0.05252050741245116
198,0.04605269789633025,0.03219113860855347,0.048081238189055533,0.04658854489164087,0.042445605982424875,0.051413923040958986,0.05299233911718769
199,0.04642497132870047,0.03214531709709055,0.05578465320910973,0.04614018079959256,0.050065699300699304,0.03864827219564062,0.04631089605941538
200,0.046977956879721595,0.032980139078757506,0.04660591100076394,0.048508749413641056,0.05143628389154705,0.051099192583732064,0.037284740756637215
201,0.05259459156916356,0.02520667786891471,0.04433898704877555,0.05473299642386599,0.04660891834717383,0.046611972639933164,0.0513384133505701
202,0.04622031718109892,0.03321778242555256,0.041083098504466634,0.04421966506739996,0.05697284089840775,0.04063347955280164,0.06004405827918211
203,0.05005461196663674,0.033398614081996444,0.0407717072036151,0.046229186574295277,0.04880555700020803,0.05603135056893571,0.06501914579228821
204,0.050074638371290545,0.025963945567825636,0.04528754234167143,0.0443172323634398,0.061766462103876284,0.044519222237907025,0.055267278611257284
205,0.04722167085247842,0.029295712496481847,0.0477298909081003,0.051610885065488644,0.044628813634877716,0.041495915926179086,0.05442475723647063
206,0.050034489917976765,0.0254904027605245,0.05695581729356329,0.05179376974657833,0.05398721768771304,0.04016284684042122,0.048249196532999174
207,0.046929982914873075,0.04090987059895729,0.05536412090007627,0.04837039118809579,0.043567872220658596,0.047720816719829875,0.0424821237877302
208,0.052030970742072566,0.024682645780051155,0.047622321592460576,0.04544227568067654,0.04360584542908073,0.04814554584991891,0.0516113104488727
209,0.050566151229042344,0.017822604972090775,0.052346658782394084,0.05555497343878958,0.056588931259696176,0.04570604875869633,0.04360075734189384
210,0.05068151774877805,0.033365593302018125,0.03722713839935808,0.04870138570579747,0.053029682349813936,0.03511653856119801,0.043110012246525414
211,0.05090365880115307,0.043515583167799854,0.04198302066440611,0.0567401116468708,0.046972546442205894,0.04732200151817194,0.056709036796536806
212,0.04700848156086858,0.02215628217156081,0.0319034686761467,0.054501378198460584,0.05130017995271058,0.042014609730848876,0.04570129637820041
213,0.05319028810167712,0.040307406029605516,0.04028213336371232,0.05185184799944527,0.04350070657952523,0.054813294042913616,0.05115489858223993
214,0.046225229123533475,0.03220836069954298,0.041287089903803295,0.05345169074346706,0.04643937331849736,0.03236819985569985,0.05513372955901728
215,0.0480386563654273,0.029897024455077092,0.039822762473687906,0.04888176150895141,0.04373614243943191,0.030617661227343725,0.05394518837855509
216,0.04582402177142267,0.037292590776046915,0.04802486044657097,0.05167200252044511,0.042706506573921436,0.037829034022075644,0.03373339297441465
217,0.04554003413837625,0.02437232971019349,0.046314336459221374,0.04118964705882353,0.04584652685635658,0.03536565031237514,0.04697658264794488
218,0.048565288096578355,0.027239003575114256,0.047183977769736284,0.05238073412698413,0.06486633611820805,0.05272694444444446,0.04955222254805812
219,0.04389714462292094,0.026984467816250697,0.04276143053227116,0.04958611410967549,0.052760220841959984,0.028712031742729682,0.0399553261884464
220,0.051563221212121216,0.032590942317916004,0.03793780373393377,0.05294959627329193,0.04812914879238409,0.040819971092503994,0.06267864066870074
221,0.051477306068994574,0.02579759511737571,0.047863870353633445,0.05086739861016176,0.04525259061200238,0.04159844966694812,0.05079578662565505
222,0.04937826575909471,0.039649114221775666,0.03678476731601731,0.05048687001594896,0.04738266265038711,0.044995713497029285,0.04343016171779717
223,0.04524477506265665,0.02659425727866905,0.05715805088478774,0.05033438905865377,0.041486414900888585,0.030284796890117253,0.04437615506156696
224,0.04211454816017317,0.02961997256957009,0.0368005530129672,0.05599465297116698,0.05868605778279692,0.04450395686185161,0.04197356989602582
225,0.05580399091571771,0.03112779024209365,0.04404071586308429,0.04476232026143791,0.04663243525480368,0.045460766159057066,0.044424007279270435
226,0.04952316189477317,0.02461933027756557,0.04031004554655871,0.05791261299658897,0.04786409263606975,0.0343530025657028,0.046759947299077745
227,0.05462290367404018,0.0425300505050505,0.041409880103556576,0.04685900984344922,0.051449569100975756,0.046508061525005265,0.05655209447415329
228,0.046274908569183176,0.02666921028628123,0.045903056837047276,0.04253406193863718,0.045104906243754,0.04264436422495633,0.04842466511547411
229,0.0510528580960526,0.03204491607807397,0.05356953546072539,0.05751147030678302,0.04999806897029775,0.030889480982740504,0.04675601509676218
230,0.05006220586365745,0.02349169656259633,0.04894856039288332,0.046656716374269006,0.0454832671104639,0.04372658626847868,0.04395356098579782
231,0.049884440415927836,0.024600116482207612,0.03627731466347027,0.04338354523495828,0.04789496755480502,0.03836500029718566,0.060600783235699104
232,0.0425900451962076,0.0273245553384524,0.04491448597225452,0.0525261652277928,0.043971852184809854,0.046698917356797785,0.04962556179742545
233,0.04323243505103191,0.022435668047123155,0.03101581176709054,0.04809013686176225,0.0434273580030445,0.03993843140863265,0.04636094748904347
234,0.05096792791005291,0.02738795125958456,0.046747257292071534,0.052491231760716205,0.04145567863509041,0.04104156894017576,0.04541706136636057
235,0.05454855791245792,0.04478834212361874,0.048839281274281277,0.05255072719033632,0.04248259564279217,0.043356947836342766,0.05016292135049707
236,0.051045240644912136,0.023065353143233578,0.041917784657722744,0.04615497755738451,0.04121660121783961,0.041222375541125546,0.042677676161557744
237,0.05023822477231119,0.03749812814480206,0.04411423589684123,0.05159266470562238,0.03842012016789241,0.0374436615435648,0.046964322063684366
238,0.0522258321378126,0.0343575422513503,0.05033798568366395,0.06195973378187001,0.05181280730793114,0.0532947580481468,0.044628033852747814
239,0.047759818986695984,0.0281683628823503,0.03798169532444418,0.05152763904564349,0.04841850931919817,0.03937352579406355,0.04564228954739791
240,0.04949899666161452,0.03133258330485304,0.04629879148629148,0.04452196650717703,0.045221607130474406,0.04194320062415785,0.04474971804511278
241,0.05715000940268452,0.029897720805637285,0.04850046059891261,0.046927268566673605,0.046010545930042494,0.03399969978082073,0.05960737867395762
242,0.05134732008123456,0.032027785553164476,0.04773457368523999,0.04342444873547505,0.04636654559750534,0.040631487587060346,0.042761116889721014
243,0.05428675835421889,0.030162319205991807,0.03838812648526523,0.04503047225495149,0.04473886420596947,0.04243287884566489,0.05457477785372522
244,0.05375519487639554,0.031427001293340306,0.04697474108307077,0.0506075487012987,0.04244529230296931,0.05105558538468755,0.04700383456898466
245,0.04806167860464345,0.029370394736842102,0.040442858504958046,0.053047590688726776,0.04216602569901719,0.04180929786587682,0.05277727790252777
246,0.05200105954279639,0.02942004282482224,0.042885298122612193,0.0463886322870456,0.055143830871645524,0.041587714700758185,0.039833688484755256
247,0.047591924133249794,0.028820695265055613,0.04289509398496241,0.0484291895426779,0.04772476901753218,0.044618974215461626,0.04832223382800177
248,0.04785232500443028,0.02685288924963925,0.05043663056929311,0.047732125681560336,0.042487021407273125,0.03616924977327454,0.04879983104121615
249,0.05084832642656099,0.027462835364626396,0.04542857142857143,0.051208928117394935,0.050212776258828896,0.045594003111125866,0.05064987384850085
250,0.055671439057226116,0.02715189014202172,0.03804134158926729,0.04996362199359322,0.04652967171717172,0.03374797324192835,0.047943890632669406
251,0.050497475064472774,0.03232069268439641,0.05977794999006467,0.044453246552209405,0.04687226812089512,0.04174938184656014,0.05068149987267634
252,0.050045609516214784,0.032148719336219336,0.05002863128088765,0.049607687697504635,0.04149990373661426,0.04191313131313131,0.041710276219738295
253,0.0436314709772168,0.050489264908862096,0.06014825700615175,0.05068220841959973,0.05601180377219885,0.04319820661794346,0.04913710792131845
254,0.051251519418330636,0.03123433483999661,0.05180798973718883,0.04561866028708134,0.04761400945545683,0.05987094029514106,0.04520340188707063
255,0.048418168913259084,0.03238507119927231,0.04265173935186723,0.04879537290195186,0.047181688546960296,0.03817656529795192,0.05522541718618126
256,0.03779362741545894,0.023405331444553413,0.04107010311249525,0.04881090620160415,0.04610656152413118,0.0442489088333482,0.04936099947225268
257,0.053715188869049,0.022237255460786354,0.043083146815344954,0.04892989268684383,0.04369434523809524,0.04540027864044169,0.04494334491094822
258,0.052170825633457055,0.02107150256425721,0.043869583997873475,0.043707400408329204,0.046141503913818493,0.04291388256155386,0.05701567846475776
259,0.044029597279913076,0.028854104378593544,0.05332741522366522,0.05076625322363881,0.04291585531341723,0.04734939741845702,0.050052709491119105
260,0.04882123790002791,0.02731120850132578,0.04867325996708233,0.047322909601951874,0.05574349894816226,0.04589181761221235,0.051385860217466085
261,0.04906725888567244,0.03265493891698556,0.047295872173846995,0.04909295298522988,0.05035060453607282,0.04296581420105448,0.043489928620571036
262,0.04386579008834303,0.028014510651968992,0.04503770849248791,0.05543069724261247,0.05572232854864434,0.0450188489380566,0.04190744664813433
263,0.05049179316979317,0.028060568257814184,0.03993092818945761,0.04578331215424246,0.04974893048128342,0.04253393216260863,0.04654952050648982
264,0.05026593759786813,0.03103298900660743,0.05123855775803145,0.05491295911055637,0.04599783208020051,0.04105125598814521,0.041864566719829875
265,0.046950384838772334,0.036568351032875535,0.04978768796992482,0.047858082813598365,0.04173869133307578,0.041030862358950926,0.04569340728715729
266,0.050915541900205065,0.02948716611769873,0.04569042178219322,0.05144151389546127,0.050008569022193174,0.039265174969509334,0.04574943531011323
267,0.04510617446691596,0.02746431711855396,0.03796167122351333,0.043083409233640756,0.0491122015141609,0.038098566062719386,0.05153561073429495
268,0.05223753708433221,0.03156678489702517,0.05175448115481011,0.05613459629465822,0.05075969555806512,0.03776510286799693,0.05772024499460695
269,0.055882038941772884,0.030746598124098124,0.05440385614772224,0.052276260202645655,0.04880748314199822,0.04277841255807503,0.04618507599211934
270,0.05485622279879153,0.03391951906280853,0.049569771772345304,0.05013000962633858,0.0499563394943998,0.04914545144540029,0.048493102073365234
271,0.05371798351548338,0.034617055319458065,0.042912736386420604,0.047466063096690034,0.045838610563842766,0.04028784840890104,0.054065924539512776
272,0.04407341398207056,0.027553824135146048,0.04224659828628767,0.047076314935064936,0.04823512395943746,0.04120938517970117,0.05067651515151515
273,0.040543672391002955,0.03328619534576191,0.06781186782930355,0.04545628214432627,0.049760581253859286,0.05124474559257168,0.051149920854896294
274,0.03913841119102104,0.036000873205741635,0.04681586550368015,0.05148391987097869,0.049104514429723065,0.037530708874458876,0.04506142477405635
275,0.04203676125528742,0.027681338383838384,0.041976270386110195,0.052950439009249076,0.047977281447482686,0.033879014108937386,0.06660668200086359
276,0.05182779044195586,0.03296424128415669,0.03541948578874723,0.051731654894812795,0.04790169884939622,0.046878213222741424,0.049422298728103685
277,0.04739197168597694,0.036804910930983606,0.05584617479819054,0.06120728788411452,0.05280129998570401,0.04669122287792449,0.04979456530965483
278,0.04756534220247977,0.020959980957295198,0.05514795904087313,0.048291405318108105,0.05871018344400698,0.040588410781572715,0.04642507427213309
279,0.04896435331576637,0.028098768683071318,0.04831466825826094,0.05433958888657745,0.04274739237800383,0.03643500370122392,0.0481052495368857
280,0.04398569527986633,0.03820754663508147,0.049333472881906384,0.049737405344913097,0.05686529439686561,0.04336946954983366,0.0516637543978135
281,0.049420889214142075,0.029887409725730663,0.05458959330143541,0.050187036435786446,0.04708353096179184,0.0480946502394384,0.05698087392394029
282,0.05891532080200501,0.03483026323181014,0.03902496097253132,0.0390072525572534,0.050265143557422974,0.03986077173432302,0.043682215956558065
283,0.05473502286911576,0.04189696643569708,0.044896033541435,0.048295780644793805,0.05126642702898424,0.04626104914158993,0.048125639131250585
284,0.04936744852847699,0.03602660190544562,0.04745738725461434,0.0586411827377092,0.05142792049001834,0.04158304283435863,0.05308294619536326
285,0.04739327828682961,0.0232067906508696,0.03743534002117594,0.05417782240972112,0.04189013366750209,0.04176159147869674,0.04662287366725347
286,0.050436137240568744,0.030416346168451437,0.04801107059285818,0.05187221703482725,0.05460462247516025,0.04205614308090618,0.05207137477208483
287,0.04666312972627566,0.026307959216222376,0.06074748386116807,0.046408026505658076,0.05498828139722709,0.040621866218576747,0.04856859478241057
288,0.04901822185672515,0.028511042579151002,0.04302152777777778,0.04910945461188428,0.04389979293152668,0.0501612541656979,0.04662000028480291
289,0.046341534632034644,0.04636179095465938,0.05740947121931776,0.050588955962039495,0.046898066188197765,0.04382381536001128,0.04863820187165775
290,0.052161586423788944,0.027071220760233917,0.05126753387479395,0.045315515973534545,0.061763882090132095,0.05685016209000763,0.05449252202475887
291,0.051534299083136136,0.03357339371155161,0.05657254623713435,0.04642212276214834,0.045239338542434525,0.04216822654462243,0.05197018387342456
292,0.045588580354338534,0.028996632110579484,0.045603787593984965,0.03659268815979343,0.04722636621391501,0.04210683720024312,0.04727659075224293
293,0.042982905688894145,0.024574219521523333,0.042445899364796424,0.054562463622436705,0.052831857930399115,0.043091653755601124,0.052464664289958406
294,0.04441210552732293,0.026529900318979265,0.046774097662780525,0.05658438879594553,0.04820140374331552,0.037705356214151976,0.04478214285714286
295,0.0544636020443265,0.024850236396263287,0.047601486188296835,0.04098011118045443,0.04083020355566123,0.040028935942798174,0.0569610505279707
296,0.044024431403870065,0.0261815778576877,0.044239198425525664,0.052952424125152456,0.0446871645211028,0.03567863786437535,0.05826280771097704
297,0.04614006357340916,0.023143939014202176,0.03689320488163368,0.04963550811316829,0.04153969482529853,0.044018522073901334,0.05274567669172932
298,0.05210111173170469,0.030050645363408523,0.042423040775014464,0.05597724994303941,0.06111746259976843,0.03586129801272149,0.0452424851606269
299,0.04967388156792181,0.02281463365519219,0.04628034670008355,0.04672858508964226,0.03967149517112164,0.0411812472551603,0.05588267453052922
300,0.05405918715225152,0.03486120164007632,0.04216515151515152,0.053640842052235925,0.04994022531625507,0.051320370539520155,0.052073516812452744
301,0.05224452747584542,0.029130062837283865,0.05344809415254209,0.049114119710508164,0.04077891211890069,0.04518481512430228,0.04430622981249916
302,0.04351472517000058,0.02738511918115836,0.046170406631552155,0.043217619583718656,0.0516171339240918,0.04674885565874427,0.049722746371275786
303,0.04060905413064748,0.03139937552213868,0.04343232826311303,0.045606252149982804,0.04099866724220054,0.05025997020713839,0.04468643391567153
304,0.04848068730930587,0.02873492359386027,0.040055291303124116,0.0433813087218453,0.05193461461625078,0.04508157116081299,0.04498241990992361
305,0.04698686773231355,0.027777492753428952,0.04549659305606674,0.05054260385813018,0.05341940328763084,0.04136140424590889,0.052159562509214205
306,0.04199054750815658,0.029433062078586376,0.04892688059274747,0.05219720446950711,0.05256660920349001,0.03645283185998205,0.04052646731129282
307,0.05120680359320762,0.02539674185463659,0.04968489661654136,0.048038381910487184,0.04959480994152047,0.042231277056277064,0.04713763984235952
308,0.032961112952836644,0.02335748903715151,0.042607407109574294,0.03933931348366265,0.05483411948990123,0.05400928826075886,0.05225708478211338
309,0.041591663949870225,0.027849178291870107,0.0433850364547733,0.05059537743777961,0.05048698128721012,0.037654959759023235,0.04540006265664161
310,0.043129351776695524,0.024629312297105237,0.042818790235392395,0.054168981165033804,0.05321545577960052,0.040053722206585984,0.049723427407160084
311,0.04703559153091061,0.04119582693006205,0.045476168543695114,0.054168422178489314,0.048560492809564024,0.04829188738892686,0.04501943050294107
312,0.04701982785400588,0.029302839042211436,0.03965050670153645,0.04673367853267789,0.05778513304011015,0.05243660781298165,0.05435206644061134
313,0.051550103145090995,0.035489471026049976,0.054948775347459566,0.048410354418655335,0.03899466216692627,0.04996198520233973,0.04648322851347737
314,0.04432298225626845,0.037565272289499144,0.05621762936243772,0.05398827332246955,0.05102855130249867,0.04068176886939507,0.0409656862745098
315,0.049297945124426576,0.037881933722452306,0.043775567707146655,0.044695319949490095,0.04815531826106769,0.03968233797142046,0.06669563923395447
316,0.044493144466558554,0.027712472956105683,0.04241379480340781,0.05137247347423818,0.04186679780711952,0.038157106534452076,0.04926005704944762
317,0.05220937298783949,0.030235493088539768,0.03955493449095886,0.050425267714741394,0.05329830509972522,0.039773297647018035,0.05653310202869026
318,0.05305627518373228,0.032484030849181784,0.042815300207039345,0.04643054814291018,0.048344899682360984,0.05027308722573698,0.04433095148745304
319,0.06017755883007285,0.022513495842654378,0.043196905901116425,0.05023293899813637,0.057076001221001225,0.04115943646996279,0.05184219198358214
320,0.04761714035087719,0.03450187238930659,0.04467312447786132,0.04561754391622871,0.042088137707236004,0.04007719867851447,0.0436867852563673
321,0.044287580168925283,0.030152883266350024,0.04326384711779449,0.04710338987873077,0.04327523972975918,0.04508953543278486,0.04832504456327986
322,0.0474764534456734,0.025537398989898992,0.04193617342589209,0.05487658708792442,0.05016076604554866,0.04959549026600447,0.04821207311369177
323,0.04694496160521626,0.03679381174638914,0.029240003417634997,0.0505968425966878,0.05962373386116808,0.044508648659692715,0.041846069245082405
324,0.049770797127283065,0.027813344161428527,0.04318888793954584,0.05129658877306904,0.04552817195059842,0.04472995626608327,0.04867855398955228
325,0.04811482579029382,0.028855990980415462,0.0433181813228724,0.051767142857142866,0.05301832626736719,0.04412359408484982,0.036082490278600124
326,0.049477198172793835,0.03414245231966998,0.03231503379661275,0.05492687969924812,0.04647882472592393,0.040162567878028396,0.04758224660382841
327,0.04780957210763094,0.02540959649122807,0.05889836638698195,0.046242333538886744,0.04485559905217201,0.046121924066589395,0.044540323862191714
328,0.0502527865218602,0.022107518182711682,0.037012199722306224,0.049310473152578416,0.0537692741476528,0.0431217176463887,0.04920818985870474
329,0.05645790508492421,0.02942002773980405,0.0428756299716683,0.0387408964192431,0.04024112126908179,0.03965776087947141,0.043245445052024004
330,0.05126509037289419,0.03256418153420442,0.043691360978203087,0.043818395096475594,0.05309543836704642,0.045471926809001105,0.04234274885544303
331,0.04856117101577474,0.021494843100543733,0.04855901737215239,0.05247900441641189,0.05220246824726701,0.048003617579755006,0.04698445442492926
332,0.052393387924200965,0.02551691320693037,0.04545782118339326,0.04137208855666253,0.04986718604108311,0.03307118881981751,0.058503710853130365
333,0.05398628776012,0.03269054260418543,0.04111561945144191,0.05348719110275689,0.05540264107237791,0.05514693170921375,0.052142258304056666
334,0.048163699997542886,0.026538801460172172,0.035813442195059844,0.047739815311500094,0.05630277211571126,0.03881838622800899,0.060228011481272346
335,0.05114344449135316,0.031015617698435038,0.04393097126875159,0.04865635642135642,0.04598795093795094,0.04319910498170561,0.03696903177643014
336,0.04468441330722082,0.04195241822004442,0.052799075009658525,0.04521293876169149,0.045274092048302586,0.042540683147262094,0.055913390541571316
337,0.05264842501753493,0.030255962991257112,0.05142819896964633,0.04832333466050857,0.04712675036075036,0.04679561221895319,0.046502028729111786
338,0.04841631001216276,0.02911570344523635,0.04067220502235982,0.05118454424103737,0.049523913126029835,0.0459093566252588,0.042567646444113164
339,0.0486589742478597,0.0267814814417758,0.0427224536018901,0.04274785169445353,0.04814854909667216,0.03864081073314147,0.051916065846628515
340,0.047535343516943565,0.030859540453862706,0.03676739963720042,0.05116136933242197,0.05338625198487966,0.03572344398545772,0.0531701275534564
341,0.049768894889975275,0.02674404144006261,0.052135209827638154,0.046114993642800715,0.04235137331820601,0.040234474010289234,0.0520107196969697
342,0.050200197086410325,0.030042464114832534,0.046160393430827715,0.04751856262857407,0.057550878159078625,0.03536892230576441,0.04658086897473086
343,0.046147908599484457,0.02284201121118304,0.04277561327561328,0.052046155841630734,0.054878756645401386,0.040494337531663385,0.05055989580753597
344,0.04759434756007667,0.036702383230804284,0.04482798627002289,0.04458382947118241,0.048044980380816296,0.05596929776487254,0.04636188760089016
345,0.04280166755867685,0.0313741341991342,0.035192606516290734,0.04736304986581,0.04400597354571813,0.034261985950066444,0.04639080664373092
346,0.05420248057532423,0.02742008424581955,0.05522688492063492,0.05450180763172754,0.05345444340016707,0.04676304487179486,0.043378303233574125
347,0.05316554261098379,0.026198422841864022,0.03989346366224075,0.05040711084777161,0.04702549477696217,0.05142297814694839,0.04942591725477376
348,0.05133041459784339,0.026858983272526817,0.0447820098374278,0.04566323550146777,0.05360071455667768,0.042041668788727615,0.041875613275613274
349,0.0550497229566884,0.02887668761922632,0.04372040501208458,0.05226445801330032,0.05994928533042091,0.039693808610400685,0.04704992437669194
350,0.04638303114761056,0.03792132219134794,0.04823481259676744,0.05065650584795321,0.048064574314574324,0.046605678343731916,0.04429107229123534
351,0.04274487426900585,0.029244879305477135,0.04979873415422615,0.05288773464409687,0.055728900784570136,0.04777547395769902,0.05230843787275676
352,0.041719053251444115,0.02985191743852385,0.047049173949366176,0.05360787648468999,0.04202359056062616,0.05390114105450794,0.04867674539512775
353,0.053485323479152434,0.03108886863151058,0.04321715367965368,0.04538937671181513,0.0597594817927171,0.051540875376847914,0.050894522757943816
354,0.04819827174346122,0.028430800941748314,0.03756271731700793,0.04647621093246952,0.05069478321544969,0.04130975289013046,0.04744558543096873
355,0.0413567593225488,0.03161986315936124,0.0436600284885468,0.046131864252878185,0.04603879902422102,0.03931862573099416,0.04143686843921397
356,0.04615253476384197,0.020296613420904042,0.05412753050183392,0.04638652502468292,0.052244588306337034,0.056927393547808146,0.04485989496915194
357,0.04862534480076617,0.024846706329296857,0.047939187643020596,0.039131357779475434,0.0417872490638652,0.04688542188805347,0.0485109022556391
358,0.05124814712516586,0.028413447832360883,0.035614488762011995,0.04654317873208663,0.043790724926126054,0.05112919244946436,0.03971200259912027
359,0.05214102727380043,0.030055510237657228,0.03434597363458246,0.05388017053503323,0.05492015259002152,0.040463023180286606,0.04432568827371459
360,0.05172081407075,0.031582461850977135,0.05007579481792718,0.04822315294892661,0.04823503678983555,0.032125464744701016,0.055260457091442096
361,0.05488876060588579,0.025728857997265896,0.046084260470015626,0.04799126536770315,0.04526795397584872,0.04398873018106765,0.03988430638325645
362,0.04591016488107621,0.02692487058976829,0.043397004049105944,0.05383116924217853,0.04787613294745816,0.041263917435221786,0.04572604402970536
363,0.04520635990095366,0.030119033126293993,0.042985624882364015,0.055178932413475754,0.04562479424021186,0.044394308574552385,0.04608592076782866
364,0.04112291959234287,0.03069904029968551,0.05355281568958629,0.04846121553884712,0.04796349063947748,0.041882686061041154,0.051139648033126296
365,0.04414435349058145,0.02359752547007292,0.041943877875538264,0.04945574020277968,0.055193157552876224,0.040709643426748696,0.04638962644467676
366,0.046372869121709084,0.03583230211320365,0.037973470535312644,0.04322852818733069,0.0412776686033265,0.04095443361367847,0.05122838357033403
367,0.04603878886908299,0.03151698246818317,0.047982124719106144,0.06112393837029993,0.04696353294108713,0.04575915460005513,0.05619440836940838
368,0.04967445125561666,0.04480354295721478,0.05141834621275411,0.0459576930405336,0.05691128058173337,0.03936210317460318,0.04745057697720236
369,0.04856059099397335,0.03575729436582621,0.045801451489686784,0.045388596945261706,0.043840411019186766,0.05875445187724213,0.0408730844374363
370,0.04454419331957612,0.026518953850624333,0.05488131943242591,0.04534237354362035,0.044448671074367674,0.038524120836679665,0.048375330371383
371,0.0478779187488115,0.026907139812446718,0.043825717187401976,0.05210823904001653,0.05321506472383003,0.04367915095758851,0.04070760242416084
372,0.05773176704869591,0.027798766259988505,0.05294437270713015,0.058433169361149916,0.05347919833004973,0.03654748432345687,0.04754256313131313
373,0.05689494769972803,0.03660728070175439,0.03561473684210526,0.04705396552976644,0.059721537667698665,0.046974918914934397,0.05465572881066303
374,0.04741792063946097,0.02194734053251007,0.04584337270558246,0.05777124152277928,0.056069565960355436,0.04868829629487188,0.048341464791658295
375,0.04654460047031087,0.03282439658395776,0.05363961988304093,0.050582776980329626,0.04981858332473825,0.02824108993711901,0.046340298024764304
376,0.04609428200785781,0.027748684322213734,0.03896729532163743,0.05062806372549019,0.050138014473523965,0.04417106600493328,0.043199600728648715
377,0.048074038158273505,0.03372420389208315,0.05015423842461886,0.04884975596299126,0.04884050791941491,0.03410576404682947,0.050669160646714825
378,0.04836397958567658,0.03137593285799169,0.03927059533958511,0.05766896407685882,0.05295442963469279,0.04522207070707071,0.0446052236011248
379,0.04832812821331985,0.02857495874898049,0.03886925866213624,0.04869381202099451,0.04200904391660971,0.043156946851457725,0.05117557216905901
380,0.046049642573857436,0.032148776962168266,0.051338013594592544,0.04451985118209963,0.05329759834368532,0.044076255037102566,0.04376623149924066
381,0.045164222876246385,0.03686061468627393,0.03821130634071811,0.04159162219273675,0.047385378385804075,0.03536830336711344,0.04393447183019938
382,0.051224388901805785,0.026684382113638744,0.05246351255813331,0.049607601480644956,0.05244022663610899,0.04911407867494824,0.037478330067204746
383,0.049647622033072304,0.030869682178932184,0.05562982787317826,0.054246127450834715,0.056845988299626074,0.036199622697563875,0.04339992075983125
384,0.048138409322102046,0.02795318373240705,0.04348534543745542,0.04542626367806675,0.04624516689450899,0.03618378256246678,0.050136429760171186
385,0.050950065757667064,0.030947474446987033,0.04074728316844012,0.052664052846018786,0.05135521825396826,0.03471693619754261,0.06556463544109829
386,0.04845015429136083,0.03710767306475326,0.04883192355889725,0.045861149249936436,0.05177827277155922,0.04718003501934718,0.04414599762982116
387,0.040101728151260514,0.02884960441254652,0.04593980794377248,0.04693723046251993,0.05568759516520706,0.033900536062378174,0.04176180893409996
388,0.05106672365582008,0.023849830882182982,0.033615047037884566,0.048570689146029744,0.05559488048183701,0.05093978506873244,0.055901681174376695
389,0.04753014780722635,0.023973368693472812,0.04338307178325181,0.04854987714189761,0.039547626848742405,0.041438334120557814,0.04081660240755341
390,0.04777250538109981,0.02431063152533741,0.04314960290995255,0.054682209534531526,0.04412458312671161,0.037666023487961164,0.04217872480113327
391,0.05022265669479312,0.03457851446798816,0.04040234051765079,0.04623870214752568,0.0476389880952381,0.03224363344131078,0.05971713954002654
392,0.05188393196332691,0.03273976480183641,0.03778622760108828,0.04799426406926407,0.047557634575569364,0.038571165066817244,0.052819635291534286
393,0.05187049494058423,0.030052031521110474,0.03910478184096605,0.044312315592903835,0.05026782632489929,0.051367653872484445,0.0457213513697345
394,0.047028301511354134,0.02405431618819777,0.034130753164590154,0.04694136207613897,0.05224881013809033,0.040046607206862636,0.04651975787818768
395,0.05209103436642496,0.03185020425569853,0.04487895613831137,0.046923552064303986,0.053387745879851144,0.042958113535650724,0.041412072405093
396,0.05101567363312082,0.03348722001081135,0.04380829189293082,0.052279435967369406,0.04315957768194998,0.04287973788225505,0.04977389124986379
397,0.050258666205368493,0.03106942939456484,0.04454224780038914,0.04954725352577755,0.05410138271815903,0.05111940384849593,0.05951727530725209
398,0.04459010814173114,0.03282394371799063,0.04909473067137541,0.0532888281309334,0.05574965787230224,0.05337257987110929,0.050094227994228004
399,0.04938673483556796,0.027024763379035827,0.05149175778361571,0.0467525313283208,0.05562293071378749,0.04603894798367305,0.05022833694083695
400,0.04624924097628789,0.025539917488734624,0.041625044032764624,0.053582514705647025,0.05037131770952609,0.05276562344977677,0.05255260128252119
401,0.05537085079546693,0.02608685731538992,0.043266357655502394,0.05717749786900407,0.040441010614772226,0.04454914874884841,0.05323843167701864
402,0.05016620217875334,0.020108938829917933,0.04172236652236652,0.051758526780797606,0.041051245661915,0.0472341067881282,0.0487358500417711
403,0.055516764619883044,0.02237089565734067,0.03541327047565438,0.04936561348781937,0.0389157562466773,0.046587332248672945,0.0415077656417258
404,0.048176235188500206,0.029766308568882106,0.041136511063755654,0.056862432980265123,0.04503669590643274,0.03766418256852703,0.043347960811118705
405,0.04926666315652535,0.03427772629036359,0.044111943093026684,0.047841080377161616,0.04820595633468698,0.05306307003922851,0.053496834477498104
406,0.047988656266334286,0.03258069004323177,0.03401486115821407,0.053457059108575136,0.05240600752540112,0.041537337662337664,0.04943257889453542
407,0.05199728508028967,0.026436922118129546,0.05027946207867379,0.049009210773970496,0.0482833883952305,0.043513640719445676,0.034464672683174505
408,0.05089249916178593,0.03358880922856626,0.03700141020727153,0.04428336831043353,0.04856138417228066,0.05399910417100062,0.045483766111339655
409,0.05872082718489241,0.02928629718234981,0.047352027363368895,0.05324549062049063,0.06861279201792361,0.04963070175438596,0.04389985089729672
410,0.05259370945052316,0.02615315131586231,0.05409822932184775,0.04792431396003377,0.052845084920712625,0.04408090323848838,0.04601457153914198
411,0.054434158525026165,0.0290358947310635,0.04555472031042499,0.04922148950905513,0.049309789290516846,0.053667553688141925,0.044421339514066495
412,0.04875610379848667,0.03457833131780501,0.044730257852742365,0.04980406642366024,0.059449635919635924,0.04297242515826107,0.054370459349800525
413,0.0489867679102915,0.033392476708074534,0.04979760915599858,0.050862391043290635,0.04648420388091441,0.038678061428079995,0.04867831450283463
414,0.05178026268992446,0.023513553184431667,0.04891678716020821,0.0601473919647604,0.04983209377295055,0.04498222763639869,0.05265734221918432
415,0.04276495698485344,0.03303989251202874,0.03798437191463508,0.046196774811215945,0.05809760461760462,0.035570097027473366,0.048327295909695964
416,0.047898696158008666,0.03364642525285546,0.04112806701419906,0.05996475957049487,0.03962637720784174,0.04632796918767507,0.05251149464570517
417,0.05222443163190663,0.03600137033760873,0.04986438787185356,0.045751158287876556,0.04988039316204951,0.04890812009971453,0.0580223665454324
418,0.04410646993352851,0.033108483475603676,0.04378048907774747,0.05180027216402823,0.049377650524532676,0.050138291852626214,0.05646229544449358
419,0.046360320588609207,0.022906663059163057,0.05554487622800316,0.044063075558286556,0.045067955564966435,0.046995104609349456,0.047430974422221564
420,0.0454866637782625,0.02690160405542843,0.03956690506346079,0.049728403318903325,0.04598241459263132,0.042819735166793986,0.05140179869794807
421,0.04906158962224548,0.02889774235052873,0.05596497113997114,0.05383486823409761,0.05261810966810967,0.04042134090166127,0.0476191060194274
422,0.04912283116883117,0.03165827596484819,0.0363334224890289,0.057725481358204475,0.05517540485960698,0.051148523560315184,0.05801555027322629
423,0.05064380221386801,0.02833758500486442,0.04760722578505086,0.05385351793029811,0.056136228354978356,0.04749480526783158,0.05371934932439796
424,0.050500037367174525,0.022158353608241716,0.0371461491797676,0.049387473531902884,0.045417395549403564,0.0415366851285969,0.04998824483222316
425,0.04678699354021017,0.023593877211969323,0.042027680162974285,0.048801073307056686,0.050733276707812316,0.05089571483055465,0.04897761449077239
426,0.05499635265847781,0.02999849937343359,0.05367054299096381,0.04170353268711964,0.047783644800406824,0.04279343149540519,0.04609551959609168
427,0.0516797382915166,0.02458095568466621,0.04683179653679654,0.048701674685823294,0.03886681543916367,0.03786582012095456,0.0510222991469315
428,0.04267184047619048,0.037044706066637186,0.04774822880265066,0.046014276099889104,0.04817941361556065,0.03358864743525869,0.047378006422131136
429,0.050890942835927114,0.03339390331890331,0.051624269005847954,0.04149614220003236,0.04815056818181818,0.0396878878066378,0.040226061530638194
430,0.04668910375647845,0.03604735040810583,0.04128817306358783,0.045326457811194654,0.041732082590611994,0.041932309014514904,0.0539640406162465
431,0.05282065291338088,0.02885638157894737,0.04042286209925341,0.05212782009498258,0.044893102073365235,0.04591485731592408,0.046155359371749534
432,0.05268316233766235,0.024760880288957694,0.04854099994303942,0.05005709936606221,0.053368984336919126,0.0359388490164806,0.04400429650329031
433,0.06121006915266107,0.029630969271003595,0.047584099674125246,0.04363775124084721,0.05157244527656427,0.052806989147333575,0.04420316876629301
434,0.05349238859379131,0.03175870490620491,0.04401904761904762,0.0557950937950938,0.05750107940305309,0.03293192440019486,0.03894194141734188
435,0.04759136472094559,0.0336584708438538,0.03889512362637363,0.04104584377610694,0.04171741379236668,0.04157211824123589,0.05437578543545566
436,0.05000417889078337,0.022610141827481983,0.052181320709595816,0.046821645417892556,0.0487436944634313,0.04386660843017604,0.06053659211434383
437,0.05301670979532164,0.022717867478313704,0.046991991968412083,0.053908408331434655,0.049407098857156065,0.0396560691501481,0.03345429167280947
438,0.050971249469873234,0.022999776418784697,0.05877336056831027,0.053943996924128504,0.04807272180451128,0.04969696918578497,0.0469084262125903
439,0.04244670396065923,0.03930318885448916,0.040390434873415426,0.06015313589862823,0.05057375616533226,0.035186780730598874,0.04380570811571283
440,0.04556069561688312,0.025643630816170864,0.041573651932862464,0.04480023779228597,0.03683270566072626,0.04906449620783986,0.051527772288098385
441,0.045478734551687675,0.02428758523449599,0.04233233635559487,0.04316760479630448,0.04425978483758805,0.04234849492827435,0.05143728070175439
442,0.05316125063581643,0.033040886809269164,0.03784996562698307,0.05365692693744165,0.04988755865289046,0.03295232621194931,0.04572331731735757
443,0.04386837130730952,0.026315707571066705,0.041940765786239606,0.04537756386480811,0.03899693552061973,0.041672948854980595,0.05340609389862318
444,0.04209880409356726,0.029356167774508734,0.03987255639097744,0.04697207901467223,0.04906916390498047,0.05519841364775576,0.04622126858648599
445,0.04987952987369739,0.03160948364284345,0.039960197563874034,0.052177878407655975,0.04226322624743678,0.0425412807720689,0.041190355130249864
446,0.04159284425412909,0.0338143115364168,0.04649359621055273,0.05339379562542721,0.050171337635532685,0.05206770151250987,0.0652837230107354
447,0.04398644432887225,0.038273637890575196,0.045060522568191,0.05455748855835241,0.059392813110092535,0.03814396138422084,0.03943743746718575
448,0.046787454488493974,0.03873414990791354,0.04349681048088977,0.04518259301085388,0.051315995522402846,0.033193507746347974,0.05933736312706901
449,0.04597854154939489,0.02462074958890439,0.041738686868686876,0.057664839795567344,0.056321555023923456,0.04188563493665964,0.05527072829131653
450,0.05062945409743765,0.032842782942203996,0.045307376395534296,0.05134130390077758,0.05473477297537569,0.03728850535429483,0.053848076431876404
451,0.04767648626332818,0.025572108465430416,0.0414584026001705,0.05429899203331218,0.03793506339814894,0.043477934285842484,0.05086658830580287
452,0.05303889031984752,0.027749150903276294,0.03874796869066606,0.049661491607807404,0.049137907384713825,0.051111805088168,0.04313959140274929
453,0.04773582602450122,0.031807663076547456,0.044011140289449115,0.0408547291189203,0.04938260547931601,0.042473690110535575,0.053834906467371636
454,0.0406148569113,0.031330709633447716,0.04435673701298702,0.055788887758660775,0.04243687668540609,0.04477849187920783,0.045784098866819466
455,0.051816446345364295,0.027555655015629444,0.041943992713662254,0.05320302770993981,0.056832580586842596,0.038657310395554104,0.03706830201739526
456,0.05275210075126542,0.02990695664629488,0.05871737012987014,0.051003073064743554,0.045590652321534676,0.04145492255254505,0.04567483291562238
457,0.059052464752158175,0.03655302650565808,0.04209044486215539,0.05611838444231768,0.04847691511387164,0.04686994360902256,0.049377619472031245
458,0.04853357204787817,0.034364405258670974,0.04348511859358541,0.04903162071846282,0.04010681458548331,0.044612750403191584,0.04430033014800817
459,0.048123747675566306,0.03243472473178995,0.04373484649195647,0.05084741577080284,0.03699160983233873,0.04234542068012977,0.0471722132034632
460,0.05126849114774116,0.03359341393255867,0.04214717164108233,0.046308655240752436,0.04714775076896788,0.04127486843222137,0.05372264607597425
461,0.044083558198031315,0.0324682157599882,0.02650305370640039,0.044771927184181194,0.04231751722948385,0.047479960658106946,0.047649963747720854
462,0.046962327930908335,0.03312324561403508,0.039084548740583536,0.0497442750636017,0.05063972308221535,0.03330571068937942,0.04775642413142413
463,0.050746328694396416,0.028730763517528225,0.04237406481453963,0.061101750574063626,0.044421377780361156,0.048438859430118344,0.057561240029712746
464,0.05099321991215413,0.028889636691997372,0.038644208253476836,0.052697322942907146,0.04758089545144735,0.046739926102019755,0.043629559137468174
465,0.050944345676691725,0.02442480152922413,0.0416001400560224,0.052784153024825496,0.04558399436316215,0.05396183375590026,0.047193583117145346
466,0.050322064791846054,0.030692577561327566,0.05138723787409701,0.04147763121474926,0.05439505853561868,0.0484277625882889,0.04932729565755882
467,0.04858546811530105,0.02176536393199538,0.04448567977915804,0.045219293478260876,0.053126670843776105,0.043359037716986806,0.04912230203502245
468,0.044796419965913006,0.01812608332425266,0.05035172052749452,0.04205750663423264,0.057010962086589026,0.03817815930199831,0.05288277478455498
469,0.0555777012683029,0.03639398291925466,0.03784379889116731,0.043698966227958484,0.048642095769727355,0.041312198509526554,0.046702349121466764
470,0.044143313352826515,0.02841206184630643,0.04258995963131109,0.04394312784402299,0.05218530907890513,0.05046568625955341,0.04951540923386899
471,0.04269676302068917,0.034216319028797286,0.04921800334168755,0.04521631904079155,0.03863279913241214,0.03507801212590299,0.04369198562165315
472,0.0558262792595299,0.02685678917465329,0.03712755764187653,0.052783249411407315,0.0687559791956447,0.03872682451109562,0.057747810814916076
473,0.04645117673031192,0.025344938816078404,0.047510122230710466,0.03889812226217718,0.05008547474533812,0.0417610014619883,0.04908306285554233
474,0.05130543894461605,0.02952141163514848,0.04737332100266883,0.05138872583302788,0.04266811510801534,0.041465891779359276,0.04555372939755613
475,0.04474266170104406,0.02971749823291081,0.05112247530591184,0.04749620944071409,0.051780938140806566,0.03378860528297027,0.04410848250304907
476,0.0487582701442341,0.03642157862954488,0.051934278711484594,0.04484837064251538,0.049798703420762244,0.035940788537228166,0.04806921850079745
477,0.0481004581402355,0.025461316951022835,0.040164066274283,0.04743752420266352,0.04748367429354272,0.04907088032581454,0.04727729551150604
478,0.04357901570728147,0.024261044372294375,0.03599969418770907,0.04710795658423553,0.049220418391994494,0.04428440939304784,0.044992184665628265
479,0.04653371399346716,0.029661581778077945,0.039246914195121226,0.04655699202716938,0.05140832504054253,0.04094833873633359,0.032256058483999664
480,0.05276267305937528,0.03469524085391732,0.043020966183574885,0.04360699102172113,0.04825741436925647,0.03173122612681437,0.05180421343213106
481,0.05253185044187103,0.025271939608379236,0.04019975200882708,0.04640088899785696,0.057741635409224425,0.030338093740366966,0.05998720978917884
482,0.04580841771939343,0.032166574323509306,0.03790543299536721,0.04382775689223058,0.05041556806017601,0.03775250325010386,0.0389554171971819
483,0.04853551603030838,0.0246401994708153,0.05687968589418987,0.04347371648819017,0.053495961464295874,0.040020155949142024,0.04920287640747999
484,0.05344518461400925,0.03769562553282183,0.05394348370927319,0.05386741699730999,0.0445361757283525,0.03763837898212898,0.04699295168067227
485,0.050368813443935935,0.03295596902480567,0.03924072059653902,0.05145597434428316,0.05023165651670834,0.04252272526235375,0.06507974308300396
486,0.04611858960234812,0.023219383941427623,0.04958361828678494,0.050741110248447206,0.04345634159460886,0.040528725222146275,0.04527982921284456
487,0.04883846276466987,0.03246429737445218,0.05002220630190916,0.04488600166351125,0.043402242806213395,0.03772555210489993,0.04202093133904279
488,0.04917775397203416,0.028105079962607055,0.03571236648077322,0.05569963838721814,0.047597299954237296,0.03486852853477567,0.051996841727468324
489,0.04250339165287327,0.0321518850602442,0.05019006002858809,0.048798844550926264,0.0463432396042808,0.04625086306452406,0.040283682722364315
490,0.05309536262056658,0.03214905147197219,0.04019296955303861,0.04825819930843151,0.044991681266640215,0.04514416893392126,0.041823591398281804
491,0.04771815343438811,0.02921376680774244,0.04876306541755458,0.0465180290380489,0.048941221713704554,0.04539435793695469,0.05846741161616161
492,0.04912190036006082,0.025424282388914244,0.032426885652187515,0.054182342679894926,0.04596768439641303,0.047383031611472684,0.041451900130761686
493,0.04912696657754011,0.03241887472527473,0.037483332058639976,0.044553843904110435,0.04718518509354423,0.03866315853572551,0.047096922667975306
494,0.05314018414351386,0.0339129838298956,0.04976735683906737,0.05224024499654935,0.04973716312768087,0.044431394128971194,0.031509615735310144
495,0.05345154264325175,0.03453477406023779,0.04156628634523371,0.049567781398683876,0.05026252652090585,0.04158422619047619,0.05451028018034597
496,0.052176731913409914,0.027468769353195827,0.049020338065189316,0.05132505404335648,0.053081671209673796,0.04172398478079256,0.04662884853962388
497,0.057181482476333735,0.0355651158140255,0.04946140988588071,0.04860790315710224,0.047581437908496726,0.03166645878845956,0.049609352969049766
498,0.04420535075914424,0.029527396616541357,0.05133168432444748,0.046571274739540085,0.05191569677312711,0.04025368937048505,0.04280410005070608
499,0.04913059749138081,0.029878956582633055,0.0423725512727801,0.053939963830029615,0.04668338124723574,0.046729517023784764,0.05108479160681677
